timestamp,hour_start,session_id,open,high,low,close,volume
2025-12-01 00:59:59.904000+00:00,2025-12-01 00:00:00+00:00,continuous,90320.5,90396.9,86939.6,86970.7,3826966306.535964
2025-12-01 01:59:59.990000+00:00,2025-12-01 01:00:00+00:00,continuous,86970.6,87713.9,86900.0,87134.0,1223836729.0430987
2025-12-01 02:59:59.987000+00:00,2025-12-01 02:00:00+00:00,continuous,87134.0,87472.1,86428.7,86685.6,1153702248.1809812
2025-12-01 03:59:59.972000+00:00,2025-12-01 03:00:00+00:00,continuous,86685.7,86791.2,86126.0,86319.2,834984448.8953929
2025-12-01 04:59:59.822000+00:00,2025-12-01 04:00:00+00:00,continuous,86319.1,86331.1,85666.0,85767.7,932625227.4931002
2025-12-01 05:59:59.797000+00:00,2025-12-01 05:00:00+00:00,continuous,85767.7,85979.0,85563.7,85966.9,609227928.5996997
2025-12-01 06:59:59.997000+00:00,2025-12-01 06:00:00+00:00,continuous,85966.8,86314.4,85929.5,86189.9,704591885.0001909
2025-12-01 07:59:59.997000+00:00,2025-12-01 07:00:00+00:00,continuous,86190.0,86524.6,86006.8,86487.6,489690114.07439554
2025-12-01 08:59:59.938000+00:00,2025-12-01 08:00:00+00:00,continuous,86487.3,86842.0,86339.5,86811.0,487126320.87809896
2025-12-01 09:59:59.957000+00:00,2025-12-01 09:00:00+00:00,continuous,86810.9,86886.0,86459.1,86659.1,428753974.0219042
2025-12-01 10:59:58.995000+00:00,2025-12-01 10:00:00+00:00,continuous,86659.2,86770.5,86500.8,86599.0,200372404.21279922
2025-12-01 11:59:59.993000+00:00,2025-12-01 11:00:00+00:00,continuous,86599.0,86658.0,86090.0,86100.1,595126817.2659996
2025-12-01 12:59:59.991000+00:00,2025-12-01 12:00:00+00:00,continuous,86100.0,86193.0,84700.1,85396.2,1884531024.0843887
2025-12-01 13:59:59.990000+00:00,2025-12-01 13:00:00+00:00,continuous,85396.3,86129.8,85310.2,85943.2,1151803273.8590035
2025-12-01 14:59:59.940000+00:00,2025-12-01 14:00:00+00:00,continuous,85943.7,86625.0,85810.6,86017.3,1416035643.1322215
2025-12-01 15:59:59.911000+00:00,2025-12-01 15:00:00+00:00,continuous,86017.4,86089.9,83786.0,84650.0,2672897912.633498
2025-12-01 16:59:59.997000+00:00,2025-12-01 16:00:00+00:00,continuous,84650.0,85436.6,84011.0,84540.3,1749282184.4659185
2025-12-01 17:59:59.987000+00:00,2025-12-01 17:00:00+00:00,continuous,84540.4,85236.6,84414.1,84902.8,755265044.3151011
2025-12-01 18:59:59.942000+00:00,2025-12-01 18:00:00+00:00,continuous,84902.6,85528.7,84677.8,85159.2,968090485.5666058
2025-12-01 19:59:59.840000+00:00,2025-12-01 19:00:00+00:00,continuous,85159.1,85262.3,84566.4,84985.0,482084486.4197022
2025-12-01 20:59:59.929000+00:00,2025-12-01 20:00:00+00:00,continuous,84985.0,85801.5,84966.8,85474.1,962497015.7458009
2025-12-01 21:59:59.813000+00:00,2025-12-01 21:00:00+00:00,continuous,85474.1,86462.7,85456.0,86380.1,1067874757.4449081
2025-12-01 22:59:59.999000+00:00,2025-12-01 22:00:00+00:00,continuous,86380.1,86817.0,86238.1,86518.2,571488126.5171026
2025-12-01 23:59:59.655000+00:00,2025-12-01 23:00:00+00:00,continuous,86518.4,86778.0,86200.0,86241.6,409069888.0938002
2025-12-02 00:59:59.575000+00:00,2025-12-02 00:00:00+00:00,continuous,86241.5,86630.1,86140.1,86472.0,406791589.25340176
2025-12-02 01:59:59.663000+00:00,2025-12-02 01:00:00+00:00,continuous,86471.9,87384.0,86346.1,86409.9,784798279.1127926
2025-12-02 02:59:59.761000+00:00,2025-12-02 02:00:00+00:00,continuous,86409.9,86823.0,86223.2,86501.2,375657652.6924972
2025-12-02 03:59:59.943000+00:00,2025-12-02 03:00:00+00:00,continuous,86501.1,87066.5,86159.9,86936.0,481459508.1557029
2025-12-02 04:59:59.860000+00:00,2025-12-02 04:00:00+00:00,continuous,86935.9,87245.9,86859.2,86924.9,375146512.3258986
2025-12-02 05:59:59.083000+00:00,2025-12-02 05:00:00+00:00,continuous,86924.8,87081.4,86772.0,86968.7,234573072.2810007
2025-12-02 06:59:59.075000+00:00,2025-12-02 06:00:00+00:00,continuous,86968.6,87148.7,86820.0,87043.7,232880706.027799
2025-12-02 07:59:59.749000+00:00,2025-12-02 07:00:00+00:00,continuous,87043.7,87075.0,86834.5,86965.0,199361038.8537998
2025-12-02 08:59:59.613000+00:00,2025-12-02 08:00:00+00:00,continuous,86965.0,87018.1,86321.0,86438.0,747450288.2793963
2025-12-02 09:59:59.720000+00:00,2025-12-02 09:00:00+00:00,continuous,86438.1,86964.1,86416.7,86734.4,389611889.49740297
2025-12-02 10:59:59.781000+00:00,2025-12-02 10:00:00+00:00,continuous,86734.4,87640.0,86724.4,87241.8,527251745.857895
2025-12-02 11:59:59.491000+00:00,2025-12-02 11:00:00+00:00,continuous,87241.8,87576.5,86908.8,87326.9,470649843.8744983
2025-12-02 12:59:59.960000+00:00,2025-12-02 12:00:00+00:00,continuous,87327.0,87516.0,87130.3,87225.6,362931079.87740237
2025-12-02 13:59:59.942000+00:00,2025-12-02 13:00:00+00:00,continuous,87225.6,87870.2,87005.0,87691.3,743976164.8803067
2025-12-02 14:59:59.989000+00:00,2025-12-02 14:00:00+00:00,continuous,87691.2,89246.1,87560.0,89225.1,2507209588.5956645
2025-12-02 15:59:59.971000+00:00,2025-12-02 15:00:00+00:00,continuous,89225.0,91211.3,89225.0,90809.2,3395687324.9341154
2025-12-02 16:59:59.921000+00:00,2025-12-02 16:00:00+00:00,continuous,90809.3,91309.4,90156.4,90713.9,1631787857.1544733
2025-12-02 17:59:59.825000+00:00,2025-12-02 17:00:00+00:00,continuous,90713.8,91969.0,90698.7,91417.5,1568932214.2999847
2025-12-02 18:59:59.341000+00:00,2025-12-02 18:00:00+00:00,continuous,91417.5,92253.7,91299.9,91905.0,1138304591.8091135
2025-12-02 19:59:59.896000+00:00,2025-12-02 19:00:00+00:00,continuous,91905.0,92273.2,91791.0,91849.9,678079567.3931922
2025-12-02 20:59:59.943000+00:00,2025-12-02 20:00:00+00:00,continuous,91849.9,91883.8,90643.5,90976.1,1647316206.268595
2025-12-02 21:59:59.688000+00:00,2025-12-02 21:00:00+00:00,continuous,90976.1,91573.6,90904.3,91500.2,503821941.9705981
2025-12-02 22:59:59.819000+00:00,2025-12-02 22:00:00+00:00,continuous,91500.2,91970.4,91443.5,91932.7,606114353.3469944
2025-12-02 23:59:59.613000+00:00,2025-12-02 23:00:00+00:00,continuous,91932.7,91943.6,91231.0,91249.1,388200377.3558963
2025-12-03 00:59:59.666000+00:00,2025-12-03 00:00:00+00:00,continuous,91249.1,91716.0,90954.8,91620.3,580229049.4118978
2025-12-03 01:59:59.895000+00:00,2025-12-03 01:00:00+00:00,continuous,91620.3,92465.6,91418.7,92215.3,729610191.0823892
2025-12-03 02:59:59.852000+00:00,2025-12-03 02:00:00+00:00,continuous,92215.5,93020.0,92101.2,92784.2,1068339421.6346977
2025-12-03 03:59:59.884000+00:00,2025-12-03 03:00:00+00:00,continuous,92784.1,93068.9,92545.6,92589.2,444025586.116706
2025-12-03 04:59:59.864000+00:00,2025-12-03 04:00:00+00:00,continuous,92589.2,93456.0,92578.0,93302.2,915925290.9786975
2025-12-03 05:59:59.979000+00:00,2025-12-03 05:00:00+00:00,continuous,93302.1,93632.5,93051.9,93591.0,921442421.7072048
2025-12-03 06:59:59.901000+00:00,2025-12-03 06:00:00+00:00,continuous,93591.1,93932.7,93092.5,93386.0,1056784898.7047012
2025-12-03 07:59:59.480000+00:00,2025-12-03 07:00:00+00:00,continuous,93386.0,93418.6,92820.0,92969.9,647273587.6641939
2025-12-03 08:59:59.842000+00:00,2025-12-03 08:00:00+00:00,continuous,92970.0,93147.8,92636.6,92740.8,592903346.8043026
2025-12-03 09:59:59.634000+00:00,2025-12-03 09:00:00+00:00,continuous,92740.8,93179.7,92672.3,93132.1,491794983.53479093
2025-12-03 10:59:59.503000+00:00,2025-12-03 10:00:00+00:00,continuous,93132.1,93338.4,92807.3,92899.9,506786283.2806015
2025-12-03 11:59:59.985000+00:00,2025-12-03 11:00:00+00:00,continuous,92899.9,93009.8,92602.8,92957.7,393924455.26079804
2025-12-03 12:59:59.848000+00:00,2025-12-03 12:00:00+00:00,continuous,92957.6,93069.7,92637.9,92882.3,377435892.7707974
2025-12-03 13:59:59.857000+00:00,2025-12-03 13:00:00+00:00,continuous,92882.2,93225.4,92828.6,93077.6,466724668.9991045
2025-12-03 14:59:59.992000+00:00,2025-12-03 14:00:00+00:00,continuous,93077.7,93653.6,91637.4,92300.0,3355273817.3533726
2025-12-03 15:59:59.968000+00:00,2025-12-03 15:00:00+00:00,continuous,92300.2,92943.4,91873.9,92332.9,1204595575.2003067
2025-12-03 16:59:59.893000+00:00,2025-12-03 16:00:00+00:00,continuous,92333.0,92712.8,91733.2,92212.4,805643652.6338925
2025-12-03 17:59:59.841000+00:00,2025-12-03 17:00:00+00:00,continuous,92212.4,93000.0,92159.9,92919.5,831651204.4065026
2025-12-03 18:59:59.962000+00:00,2025-12-03 18:00:00+00:00,continuous,92919.4,93471.1,92315.3,92584.8,904897846.9818044
2025-12-03 19:59:59.945000+00:00,2025-12-03 19:00:00+00:00,continuous,92584.7,93062.9,92489.3,92995.8,300673724.87619907
2025-12-03 20:59:59.499000+00:00,2025-12-03 20:00:00+00:00,continuous,92995.8,93345.3,92784.3,92928.2,391584972.1525993
2025-12-03 21:59:59.812000+00:00,2025-12-03 21:00:00+00:00,continuous,92928.8,93725.0,92801.0,93645.0,437715779.73330295
2025-12-03 22:59:59.999000+00:00,2025-12-03 22:00:00+00:00,continuous,93645.0,94185.0,93232.8,93738.4,689478432.3695006
2025-12-03 23:59:59.673000+00:00,2025-12-03 23:00:00+00:00,continuous,93738.5,94061.2,93297.8,93376.7,561099867.6266961
2025-12-04 00:59:59.923000+00:00,2025-12-04 00:00:00+00:00,continuous,93376.8,93431.8,92628.0,93013.9,671078893.793808
2025-12-04 01:59:59.890000+00:00,2025-12-04 01:00:00+00:00,continuous,93013.9,93725.0,92940.4,93150.0,525227974.966793
2025-12-04 02:59:59.989000+00:00,2025-12-04 02:00:00+00:00,continuous,93150.0,94040.0,93072.8,93896.1,633967938.1739064
2025-12-04 03:59:59.117000+00:00,2025-12-04 03:00:00+00:00,continuous,93896.1,94038.8,93351.0,93499.9,457972295.6227008
2025-12-04 04:59:59.721000+00:00,2025-12-04 04:00:00+00:00,continuous,93500.0,93549.2,93170.0,93317.8,268466312.3877011
2025-12-04 05:59:59.851000+00:00,2025-12-04 05:00:00+00:00,continuous,93317.8,93339.7,92737.0,92932.4,440633581.966799
2025-12-04 06:59:59.832000+00:00,2025-12-04 06:00:00+00:00,continuous,92932.4,93333.0,92800.1,93103.1,475205512.6943015
2025-12-04 07:59:59.648000+00:00,2025-12-04 07:00:00+00:00,continuous,93103.0,93386.6,92852.4,93358.6,305750989.7782985
2025-12-04 08:59:59.488000+00:00,2025-12-04 08:00:00+00:00,continuous,93358.5,93578.4,93002.5,93220.7,339390910.67460126
2025-12-04 09:59:59.830000+00:00,2025-12-04 09:00:00+00:00,continuous,93220.7,93600.0,93201.0,93408.6,389919464.35530365
2025-12-04 10:59:59.899000+00:00,2025-12-04 10:00:00+00:00,continuous,93408.6,93531.7,93111.1,93210.7,282976663.60279965
2025-12-04 11:59:59.912000+00:00,2025-12-04 11:00:00+00:00,continuous,93210.7,93269.5,92666.1,92894.9,509063016.0360997
2025-12-04 12:59:59.856000+00:00,2025-12-04 12:00:00+00:00,continuous,92894.9,93155.0,92725.4,92947.9,315219368.8834001
2025-12-04 13:59:59.799000+00:00,2025-12-04 13:00:00+00:00,continuous,92947.8,93011.4,92366.0,92480.4,861089742.7499067
2025-12-04 14:59:59.874000+00:00,2025-12-04 14:00:00+00:00,continuous,92480.4,92788.1,91762.0,91859.4,1068447951.563804
2025-12-04 15:59:59.940000+00:00,2025-12-04 15:00:00+00:00,continuous,91859.3,93256.3,91845.8,92933.5,1341384286.990226
2025-12-04 16:59:59.925000+00:00,2025-12-04 16:00:00+00:00,continuous,92933.4,93143.4,92220.0,92390.0,822316480.4039856
2025-12-04 17:59:59.757000+00:00,2025-12-04 17:00:00+00:00,continuous,92389.9,92500.0,91700.0,92384.5,773087970.4011979
2025-12-04 18:59:59.791000+00:00,2025-12-04 18:00:00+00:00,continuous,92384.6,92516.8,91909.8,92093.4,432616080.5559953
2025-12-04 19:59:59.924000+00:00,2025-12-04 19:00:00+00:00,continuous,92093.4,92140.5,90822.5,91941.5,1511132836.9728105
2025-12-04 20:59:59.994000+00:00,2025-12-04 20:00:00+00:00,continuous,91941.5,92500.0,91649.8,92431.7,546540933.5884978
2025-12-04 21:59:59.923000+00:00,2025-12-04 21:00:00+00:00,continuous,92431.8,92676.8,92036.1,92111.2,296734824.2572996
2025-12-04 22:59:59.977000+00:00,2025-12-04 22:00:00+00:00,continuous,92111.2,92458.3,92103.2,92295.5,173780456.80220047
2025-12-04 23:59:59.920000+00:00,2025-12-04 23:00:00+00:00,continuous,92295.4,92419.6,92022.3,92034.7,155433935.54789865
2025-12-05 00:59:59.472000+00:00,2025-12-05 00:00:00+00:00,continuous,92034.7,92444.0,92015.0,92259.9,188022269.75809795
2025-12-05 01:59:59.894000+00:00,2025-12-05 01:00:00+00:00,continuous,92259.8,92566.0,92188.8,92322.2,217721544.95559964
2025-12-05 02:59:59.949000+00:00,2025-12-05 02:00:00+00:00,continuous,92322.1,92665.5,92215.0,92476.1,240241453.7769022
2025-12-05 03:59:59.824000+00:00,2025-12-05 03:00:00+00:00,continuous,92476.1,92625.0,91917.7,92104.9,365609170.2783975
2025-12-05 04:59:59.820000+00:00,2025-12-05 04:00:00+00:00,continuous,92104.8,92350.0,91750.6,91985.5,413496729.8483981
2025-12-05 05:59:59.960000+00:00,2025-12-05 05:00:00+00:00,continuous,91985.6,92164.5,91829.6,91902.6,207017135.53420034
2025-12-05 06:59:59.819000+00:00,2025-12-05 06:00:00+00:00,continuous,91902.7,92244.8,91865.3,92235.6,220130654.95849887
2025-12-05 07:59:59.995000+00:00,2025-12-05 07:00:00+00:00,continuous,92235.6,92455.4,92158.5,92227.5,292689608.9082992
2025-12-05 08:59:59.992000+00:00,2025-12-05 08:00:00+00:00,continuous,92227.6,92227.6,91857.6,92080.0,236962335.50520107
2025-12-05 09:59:59.957000+00:00,2025-12-05 09:00:00+00:00,continuous,92079.9,92080.0,90940.4,91086.4,910467835.3343856
2025-12-05 10:59:59.885000+00:00,2025-12-05 10:00:00+00:00,continuous,91086.3,91456.8,91042.8,91240.1,463310556.7313078
2025-12-05 11:59:59.738000+00:00,2025-12-05 11:00:00+00:00,continuous,91240.0,91527.3,91081.1,91307.9,358710743.32130075
2025-12-05 12:59:59.987000+00:00,2025-12-05 12:00:00+00:00,continuous,91308.0,91388.7,91015.7,91194.6,233576100.34259978
2025-12-05 13:59:59.986000+00:00,2025-12-05 13:00:00+00:00,continuous,91194.6,91319.9,90195.3,90433.6,1239001278.1533012
2025-12-05 14:59:59.999000+00:00,2025-12-05 14:00:00+00:00,continuous,90433.6,90706.6,89863.0,90246.0,1371476755.930019
2025-12-05 15:59:59.857000+00:00,2025-12-05 15:00:00+00:00,continuous,90246.5,91445.2,90210.6,90414.0,2170203982.3779335
2025-12-05 16:59:59.944000+00:00,2025-12-05 16:00:00+00:00,continuous,90413.9,90460.0,87976.3,88757.5,3496822745.0771065
2025-12-05 17:59:59.790000+00:00,2025-12-05 17:00:00+00:00,continuous,88757.6,89509.6,88558.8,89279.3,992538674.1346874
2025-12-05 18:59:59.943000+00:00,2025-12-05 18:00:00+00:00,continuous,89279.3,89750.6,88839.0,88894.9,804275138.8432851
2025-12-05 19:59:59.857000+00:00,2025-12-05 19:00:00+00:00,continuous,88895.0,89762.0,88773.6,89590.5,621788177.6448961
2025-12-05 20:59:59.978000+00:00,2025-12-05 20:00:00+00:00,continuous,89590.5,89706.0,89150.0,89267.8,438391845.4079997
2025-12-05 21:59:59.407000+00:00,2025-12-05 21:00:00+00:00,continuous,89267.9,89448.8,89038.8,89145.1,271407097.14799815
2025-12-05 22:59:58.744000+00:00,2025-12-05 22:00:00+00:00,continuous,89145.1,89335.5,88856.7,89199.3,244897224.52570063
2025-12-05 23:59:59.713000+00:00,2025-12-05 23:00:00+00:00,continuous,89199.3,89342.0,88900.0,89288.5,167584830.55009916
2025-12-06 00:59:58.927000+00:00,2025-12-06 00:00:00+00:00,continuous,89288.6,89441.9,88986.1,89382.2,255782585.52009735
2025-12-06 01:59:59.700000+00:00,2025-12-06 01:00:00+00:00,continuous,89382.2,89468.3,89160.9,89295.7,179838202.03320232
2025-12-06 02:59:59.899000+00:00,2025-12-06 02:00:00+00:00,continuous,89296.2,89374.9,89130.1,89354.6,166455742.73719886
2025-12-06 03:59:59.877000+00:00,2025-12-06 03:00:00+00:00,continuous,89354.7,89758.0,89350.2,89636.5,309356602.5470016
2025-12-06 04:59:59.941000+00:00,2025-12-06 04:00:00+00:00,continuous,89636.5,89670.0,89468.4,89612.2,163121773.8170997
2025-12-06 05:59:59.530000+00:00,2025-12-06 05:00:00+00:00,continuous,89612.3,89696.7,89484.2,89556.7,122802533.43769893
2025-12-06 06:59:59.634000+00:00,2025-12-06 06:00:00+00:00,continuous,89556.7,89732.4,89476.2,89643.1,126498052.91999929
2025-12-06 07:59:59.945000+00:00,2025-12-06 07:00:00+00:00,continuous,89643.1,89680.2,89410.8,89549.6,130082673.21239993
2025-12-06 08:59:59.153000+00:00,2025-12-06 08:00:00+00:00,continuous,89549.5,89608.0,89165.9,89238.3,304668139.1135986
2025-12-06 09:59:59.943000+00:00,2025-12-06 09:00:00+00:00,continuous,89238.3,89639.3,89220.6,89532.9,222422479.12850112
2025-12-06 10:59:59.829000+00:00,2025-12-06 10:00:00+00:00,continuous,89533.0,89650.0,89421.9,89466.0,115367421.93620059
2025-12-06 11:59:59.722000+00:00,2025-12-06 11:00:00+00:00,continuous,89466.0,89679.0,89451.4,89585.4,132013526.8638994
2025-12-06 12:59:59.994000+00:00,2025-12-06 12:00:00+00:00,continuous,89585.4,89600.0,89512.9,89528.4,88712142.05860013
2025-12-06 13:59:59.002000+00:00,2025-12-06 13:00:00+00:00,continuous,89528.4,89745.6,89528.3,89619.5,181630430.04379985
2025-12-06 14:59:59.966000+00:00,2025-12-06 14:00:00+00:00,continuous,89619.5,90257.3,89603.8,89948.6,632287812.5100005
2025-12-06 15:59:59.627000+00:00,2025-12-06 15:00:00+00:00,continuous,89948.7,89993.2,89424.2,89713.4,425310665.95640314
2025-12-06 16:59:59.739000+00:00,2025-12-06 16:00:00+00:00,continuous,89713.3,89940.3,89619.6,89660.8,177813952.45530215
2025-12-06 17:59:59.861000+00:00,2025-12-06 17:00:00+00:00,continuous,89660.9,89798.0,89558.1,89661.7,147198300.202501
2025-12-06 18:59:59.035000+00:00,2025-12-06 18:00:00+00:00,continuous,89661.8,89751.9,89475.4,89610.0,107738859.68840109
2025-12-06 19:59:59.809000+00:00,2025-12-06 19:00:00+00:00,continuous,89609.9,89710.1,89203.0,89369.4,339703209.338597
2025-12-06 20:59:58.745000+00:00,2025-12-06 20:00:00+00:00,continuous,89369.5,89527.4,89277.9,89509.5,103263548.54059891
2025-12-06 21:59:59.593000+00:00,2025-12-06 21:00:00+00:00,continuous,89509.4,89578.3,89351.7,89377.3,85535793.24629925
2025-12-06 22:59:59.857000+00:00,2025-12-06 22:00:00+00:00,continuous,89377.2,89487.8,89212.3,89245.1,125611907.11500068
2025-12-06 23:59:59.716000+00:00,2025-12-06 23:00:00+00:00,continuous,89245.1,89293.4,88870.1,89197.1,443957564.37209713
2025-12-07 00:59:59.961000+00:00,2025-12-07 00:00:00+00:00,continuous,89197.1,89520.0,89131.5,89354.3,177614906.45880243
2025-12-07 01:59:59.735000+00:00,2025-12-07 01:00:00+00:00,continuous,89354.2,89543.8,89251.0,89251.0,105394268.80749911
2025-12-07 02:59:59.630000+00:00,2025-12-07 02:00:00+00:00,continuous,89251.0,89656.2,89251.0,89580.1,110068459.65689985
2025-12-07 03:59:59.682000+00:00,2025-12-07 03:00:00+00:00,continuous,89580.1,89704.5,89505.6,89675.6,121077976.07469936
2025-12-07 04:59:59.533000+00:00,2025-12-07 04:00:00+00:00,continuous,89675.7,89750.0,89439.6,89495.2,145355378.83979926
2025-12-07 05:59:57.336000+00:00,2025-12-07 05:00:00+00:00,continuous,89495.2,89525.6,89380.0,89469.2,105632451.9217999
2025-12-07 06:59:59.793000+00:00,2025-12-07 06:00:00+00:00,continuous,89469.2,89668.1,89443.9,89668.1,98114865.7805999
2025-12-07 07:59:59.654000+00:00,2025-12-07 07:00:00+00:00,continuous,89668.1,89697.7,89155.0,89337.1,237157320.96149898
2025-12-07 08:59:59.792000+00:00,2025-12-07 08:00:00+00:00,continuous,89337.1,89494.4,89140.3,89269.4,187557629.49169824
2025-12-07 09:59:59.845000+00:00,2025-12-07 09:00:00+00:00,continuous,89269.4,89360.0,89012.9,89070.0,196836956.8535009
2025-12-07 10:59:59.384000+00:00,2025-12-07 10:00:00+00:00,continuous,89070.1,89359.3,89061.5,89195.5,199821731.0700985
2025-12-07 11:59:58.774000+00:00,2025-12-07 11:00:00+00:00,continuous,89195.6,89237.2,89101.5,89109.4,99049956.64700115
2025-12-07 12:59:59.875000+00:00,2025-12-07 12:00:00+00:00,continuous,89109.3,89557.9,89074.6,89428.8,195271869.1921006
2025-12-07 13:59:59.637000+00:00,2025-12-07 13:00:00+00:00,continuous,89428.8,89472.0,88476.0,89011.0,581500877.5850952
2025-12-07 14:59:59.998000+00:00,2025-12-07 14:00:00+00:00,continuous,89011.0,89069.5,87688.0,88187.5,1528420888.9729836
2025-12-07 15:59:59.996000+00:00,2025-12-07 15:00:00+00:00,continuous,88187.4,89700.0,88129.7,89505.0,1358726636.325302
2025-12-07 16:59:59.918000+00:00,2025-12-07 16:00:00+00:00,continuous,89505.0,89880.0,89065.2,89849.3,581825818.5437942
2025-12-07 17:59:59.932000+00:00,2025-12-07 17:00:00+00:00,continuous,89849.3,91261.0,89565.2,90904.2,1608212694.6063926
2025-12-07 18:59:59.712000+00:00,2025-12-07 18:00:00+00:00,continuous,90904.2,91722.0,90904.1,91327.6,862429726.4237872
2025-12-07 19:59:59.565000+00:00,2025-12-07 19:00:00+00:00,continuous,91327.7,91503.4,91170.2,91379.7,263211430.01319855
2025-12-07 20:59:59.916000+00:00,2025-12-07 20:00:00+00:00,continuous,91379.8,91473.2,91263.1,91392.0,155183599.54360113
2025-12-07 21:59:59.967000+00:00,2025-12-07 21:00:00+00:00,continuous,91392.1,91392.1,89806.0,90189.2,805341039.9802067
2025-12-07 22:59:59.490000+00:00,2025-12-07 22:00:00+00:00,continuous,90189.2,90204.8,88890.0,89551.8,1385194126.5540872
2025-12-07 23:59:59.961000+00:00,2025-12-07 23:00:00+00:00,continuous,89551.7,90444.4,89473.4,90345.4,506722256.4721961
2025-12-08 00:59:59.524000+00:00,2025-12-08 00:00:00+00:00,continuous,90345.4,90572.2,89806.4,90302.7,439756209.1854983
2025-12-08 01:59:59.826000+00:00,2025-12-08 01:00:00+00:00,continuous,90302.6,91650.0,90255.8,90869.1,775131361.9534905
2025-12-08 02:59:59.951000+00:00,2025-12-08 02:00:00+00:00,continuous,90869.0,91415.6,90737.5,91327.0,428818108.4223026
2025-12-08 03:59:58.986000+00:00,2025-12-08 03:00:00+00:00,continuous,91327.0,91383.0,90947.0,91039.4,233035197.53079972
2025-12-08 04:59:59.675000+00:00,2025-12-08 04:00:00+00:00,continuous,91039.3,91444.1,90979.2,91247.7,207371404.60129952
2025-12-08 05:59:59.750000+00:00,2025-12-08 05:00:00+00:00,continuous,91247.8,91410.0,91006.3,91290.6,248606183.66720018
2025-12-08 06:59:59.978000+00:00,2025-12-08 06:00:00+00:00,continuous,91290.6,91612.9,91205.5,91434.6,284640737.0742996
2025-12-08 07:59:59.497000+00:00,2025-12-08 07:00:00+00:00,continuous,91434.5,91868.0,91310.2,91519.8,445709817.077703
2025-12-08 08:59:59.925000+00:00,2025-12-08 08:00:00+00:00,continuous,91519.8,91906.6,91433.6,91782.1,288383766.1065999
2025-12-08 09:59:59.892000+00:00,2025-12-08 09:00:00+00:00,continuous,91782.0,92262.6,91741.6,91865.3,581304588.7592006
2025-12-08 10:59:59.889000+00:00,2025-12-08 10:00:00+00:00,continuous,91865.3,92181.8,91756.1,92085.8,329662617.3040985
2025-12-08 11:59:59.710000+00:00,2025-12-08 11:00:00+00:00,continuous,92085.8,92139.9,91806.1,91923.5,277858975.59100217
2025-12-08 12:59:59.876000+00:00,2025-12-08 12:00:00+00:00,continuous,91923.6,91948.4,91627.8,91729.5,406433768.242401
2025-12-08 13:59:59.732000+00:00,2025-12-08 13:00:00+00:00,continuous,91729.4,92106.4,91231.7,91424.0,853425343.569703
2025-12-08 14:59:59.887000+00:00,2025-12-08 14:00:00+00:00,continuous,91424.0,91753.0,90723.0,90809.0,1611423639.2972114
2025-12-08 15:59:59.995000+00:00,2025-12-08 15:00:00+00:00,continuous,90809.1,90970.6,89553.8,89912.6,2308946183.35223
2025-12-08 16:59:59.786000+00:00,2025-12-08 16:00:00+00:00,continuous,89912.7,90438.8,89629.1,89929.2,1022487854.2932012
2025-12-08 17:59:59.867000+00:00,2025-12-08 17:00:00+00:00,continuous,89929.3,90300.0,89641.9,90212.1,664679132.3031019
2025-12-08 18:59:59.942000+00:00,2025-12-08 18:00:00+00:00,continuous,90212.1,90471.6,89676.0,89873.5,664435305.3944032
2025-12-08 19:59:59.076000+00:00,2025-12-08 19:00:00+00:00,continuous,89873.5,90326.1,89805.4,90073.6,324669928.8320965
2025-12-08 20:59:59.892000+00:00,2025-12-08 20:00:00+00:00,continuous,90073.7,90877.1,90073.7,90745.7,501214580.6193909
2025-12-08 21:59:59.893000+00:00,2025-12-08 21:00:00+00:00,continuous,90745.7,91338.2,90618.0,91258.2,449532752.41319734
2025-12-08 22:59:59.893000+00:00,2025-12-08 22:00:00+00:00,continuous,91258.1,91333.0,90675.0,90788.6,239555400.74400097
2025-12-08 23:59:59.975000+00:00,2025-12-08 23:00:00+00:00,continuous,90788.6,90975.0,90439.3,90610.8,264262092.3717021
2025-12-09 00:59:59.966000+00:00,2025-12-09 00:00:00+00:00,continuous,90610.8,90810.8,90315.0,90359.4,309631578.3981994
2025-12-09 01:59:59.668000+00:00,2025-12-09 01:00:00+00:00,continuous,90359.5,90537.2,89922.4,90017.9,357125294.43639743
2025-12-09 02:59:59.873000+00:00,2025-12-09 02:00:00+00:00,continuous,90017.9,90338.5,89933.7,90026.1,208148036.98729786
2025-12-09 03:59:59.961000+00:00,2025-12-09 03:00:00+00:00,continuous,90026.1,90412.8,89774.1,90364.0,536163488.45450014
2025-12-09 04:59:59.932000+00:00,2025-12-09 04:00:00+00:00,continuous,90364.1,90472.9,89653.5,89875.4,549342285.327503
2025-12-09 05:59:59.609000+00:00,2025-12-09 05:00:00+00:00,continuous,89875.3,90172.9,89368.9,89857.6,766955688.9115129
2025-12-09 06:59:59.980000+00:00,2025-12-09 06:00:00+00:00,continuous,89857.7,90200.0,89744.0,90124.8,261017597.7748034
2025-12-09 07:59:59.841000+00:00,2025-12-09 07:00:00+00:00,continuous,90124.8,90485.8,90048.5,90449.9,304004426.2293957
2025-12-09 08:59:59.768000+00:00,2025-12-09 08:00:00+00:00,continuous,90449.9,90584.8,90301.0,90459.1,294176564.83859825
2025-12-09 09:59:59.629000+00:00,2025-12-09 09:00:00+00:00,continuous,90459.0,90461.7,90090.5,90099.9,255930491.35780102
2025-12-09 10:59:59.732000+00:00,2025-12-09 10:00:00+00:00,continuous,90100.0,90307.4,89868.0,90255.7,259892097.86370125
2025-12-09 11:59:58.846000+00:00,2025-12-09 11:00:00+00:00,continuous,90255.6,90348.9,90089.2,90341.9,182143183.65540132
2025-12-09 12:59:59.582000+00:00,2025-12-09 12:00:00+00:00,continuous,90342.0,90695.6,90276.8,90532.7,374121106.77590156
2025-12-09 13:59:59.907000+00:00,2025-12-09 13:00:00+00:00,continuous,90532.7,90820.8,90122.0,90385.0,594425188.570901
2025-12-09 14:59:59.792000+00:00,2025-12-09 14:00:00+00:00,continuous,90385.1,90597.0,89953.0,90327.1,661139956.5615977
2025-12-09 15:59:59.997000+00:00,2025-12-09 15:00:00+00:00,continuous,90327.1,92867.0,90244.8,92676.9,2500582840.773395
2025-12-09 16:59:59.946000+00:00,2025-12-09 16:00:00+00:00,continuous,92676.8,94439.0,92656.5,94146.8,2990645459.2856727
2025-12-09 17:59:59.739000+00:00,2025-12-09 17:00:00+00:00,continuous,94146.9,94555.0,93505.0,93884.5,1749070186.373886
2025-12-09 18:59:59.993000+00:00,2025-12-09 18:00:00+00:00,continuous,93884.5,94128.5,93615.8,93887.3,625161282.4433988
2025-12-09 19:59:59.077000+00:00,2025-12-09 19:00:00+00:00,continuous,93887.2,94221.3,93604.0,93761.9,454567144.9084963
2025-12-09 20:59:59.824000+00:00,2025-12-09 20:00:00+00:00,continuous,93761.9,93819.1,92724.6,93075.2,1032624696.515304
2025-12-09 21:59:59.990000+00:00,2025-12-09 21:00:00+00:00,continuous,93075.2,93196.7,92199.0,92591.2,782474302.7107044
2025-12-09 22:59:59.813000+00:00,2025-12-09 22:00:00+00:00,continuous,92591.2,92999.5,92455.0,92832.0,429970478.1427014
2025-12-09 23:59:59.985000+00:00,2025-12-09 23:00:00+00:00,continuous,92832.0,92933.0,92500.0,92638.4,267292457.50359914
2025-12-10 00:59:59.691000+00:00,2025-12-10 00:00:00+00:00,continuous,92638.3,92748.2,91999.3,92084.5,632423300.1755009
2025-12-10 01:59:59.970000+00:00,2025-12-10 01:00:00+00:00,continuous,92084.5,92360.0,91900.0,92269.1,374455477.25549984
2025-12-10 02:59:59.904000+00:00,2025-12-10 02:00:00+00:00,continuous,92269.2,92530.0,91976.3,92457.6,344251827.88570005
2025-12-10 03:59:59.905000+00:00,2025-12-10 03:00:00+00:00,continuous,92457.6,92519.2,92300.0,92366.0,167636022.3512988
2025-12-10 04:59:59.527000+00:00,2025-12-10 04:00:00+00:00,continuous,92366.0,92628.6,92339.8,92507.3,210175236.6341987
2025-12-10 05:59:59.020000+00:00,2025-12-10 05:00:00+00:00,continuous,92507.4,92695.5,92472.8,92508.6,180247865.70000002
2025-12-10 06:59:59.437000+00:00,2025-12-10 06:00:00+00:00,continuous,92508.5,92700.0,92350.0,92648.0,214630246.40639925
2025-12-10 07:59:59.959000+00:00,2025-12-10 07:00:00+00:00,continuous,92648.0,92749.8,92446.1,92744.7,234120144.89000165
2025-12-10 08:59:59.401000+00:00,2025-12-10 08:00:00+00:00,continuous,92744.6,92759.0,92500.0,92565.0,202361306.11829993
2025-12-10 09:59:59.924000+00:00,2025-12-10 09:00:00+00:00,continuous,92565.1,92900.0,92377.9,92870.1,316501668.5568024
2025-12-10 10:59:59.881000+00:00,2025-12-10 10:00:00+00:00,continuous,92870.0,93278.9,92088.0,92230.5,878610294.1986866
2025-12-10 11:59:59.906000+00:00,2025-12-10 11:00:00+00:00,continuous,92230.4,92396.9,91721.0,92085.5,723538558.8935933
2025-12-10 12:59:59.959000+00:00,2025-12-10 12:00:00+00:00,continuous,92085.4,92177.8,91779.1,91952.1,328039726.72770375
2025-12-10 13:59:59.888000+00:00,2025-12-10 13:00:00+00:00,continuous,91952.2,92197.3,91903.2,92054.6,361831179.1062023
2025-12-10 14:59:59.840000+00:00,2025-12-10 14:00:00+00:00,continuous,92054.5,92073.8,91555.8,91794.0,628464973.7201027
2025-12-10 15:59:59.671000+00:00,2025-12-10 15:00:00+00:00,continuous,91794.0,92124.2,91520.0,92021.8,589830971.7147955
2025-12-10 16:59:59.921000+00:00,2025-12-10 16:00:00+00:00,continuous,92021.8,92574.2,91846.8,92126.7,726495492.2068913
2025-12-10 17:59:59.892000+00:00,2025-12-10 17:00:00+00:00,continuous,92126.7,92483.2,92049.4,92348.8,342143403.9499036
2025-12-10 18:59:59.835000+00:00,2025-12-10 18:00:00+00:00,continuous,92348.7,93000.0,91930.4,92448.8,997298238.8303114
2025-12-10 19:59:59.957000+00:00,2025-12-10 19:00:00+00:00,continuous,92448.8,93223.6,91605.0,92913.8,2355631067.333394
2025-12-10 20:59:59.751000+00:00,2025-12-10 20:00:00+00:00,continuous,92913.9,94443.7,92182.1,92409.1,2506084161.0801406
2025-12-10 21:59:59.905000+00:00,2025-12-10 21:00:00+00:00,continuous,92409.1,92733.3,91825.0,92308.2,796674441.2898977
2025-12-10 22:59:59.963000+00:00,2025-12-10 22:00:00+00:00,continuous,92308.3,92659.3,91891.7,92472.2,501120139.08530015
2025-12-10 23:59:59.688000+00:00,2025-12-10 23:00:00+00:00,continuous,92472.2,92557.9,91900.0,91977.5,236022790.18029946
2025-12-11 00:59:59.857000+00:00,2025-12-11 00:00:00+00:00,continuous,91977.5,92046.3,91011.0,91350.1,874808224.3471091
2025-12-11 01:59:59.877000+00:00,2025-12-11 01:00:00+00:00,continuous,91350.1,91370.2,90600.0,90637.0,852344290.912499
2025-12-11 02:59:59.955000+00:00,2025-12-11 02:00:00+00:00,continuous,90637.0,90637.0,89820.0,90034.4,1088051731.2478921
2025-12-11 03:59:59.831000+00:00,2025-12-11 03:00:00+00:00,continuous,90034.4,90034.4,89321.0,89833.1,965309095.1697961
2025-12-11 04:59:59.892000+00:00,2025-12-11 04:00:00+00:00,continuous,89833.1,90445.6,89640.4,90386.6,666028164.0950092
2025-12-11 05:59:59.782000+00:00,2025-12-11 05:00:00+00:00,continuous,90386.6,90386.6,90016.9,90262.0,275188684.4128006
2025-12-11 06:59:59.844000+00:00,2025-12-11 06:00:00+00:00,continuous,90262.1,90412.6,89914.2,90252.1,318663229.5698982
2025-12-11 07:59:59.921000+00:00,2025-12-11 07:00:00+00:00,continuous,90252.0,90287.5,90011.7,90231.4,198777443.4059989
2025-12-11 08:59:59.828000+00:00,2025-12-11 08:00:00+00:00,continuous,90231.3,90232.3,89931.0,90152.5,303264030.73559904
2025-12-11 09:59:59.962000+00:00,2025-12-11 09:00:00+00:00,continuous,90152.6,90494.7,90101.5,90196.0,342676326.9953035
2025-12-11 10:59:59.887000+00:00,2025-12-11 10:00:00+00:00,continuous,90196.0,90309.2,90125.7,90279.2,186545634.5941009
2025-12-11 11:59:59.868000+00:00,2025-12-11 11:00:00+00:00,continuous,90279.1,90377.8,90163.9,90195.3,160695753.989406
2025-12-11 12:59:59.685000+00:00,2025-12-11 12:00:00+00:00,continuous,90195.3,90346.8,89972.2,90000.8,257576579.33360136
2025-12-11 13:59:59.734000+00:00,2025-12-11 13:00:00+00:00,continuous,90000.7,90134.6,89827.9,90062.9,347691136.9016968
2025-12-11 14:59:59.967000+00:00,2025-12-11 14:00:00+00:00,continuous,90062.8,90450.0,89200.0,89514.5,1367281544.261897
2025-12-11 15:59:59.738000+00:00,2025-12-11 15:00:00+00:00,continuous,89514.4,90618.0,89363.8,89830.1,1325698126.7755828
2025-12-11 16:59:59.948000+00:00,2025-12-11 16:00:00+00:00,continuous,89830.1,90150.0,89288.0,89704.2,871215475.1430062
2025-12-11 17:59:59.994000+00:00,2025-12-11 17:00:00+00:00,continuous,89704.1,90224.9,89588.0,89935.6,452013311.58390385
2025-12-11 18:59:59.901000+00:00,2025-12-11 18:00:00+00:00,continuous,89935.3,91150.0,89851.0,90657.9,1080109402.155302
2025-12-11 19:59:59.887000+00:00,2025-12-11 19:00:00+00:00,continuous,90657.9,91499.0,90531.4,90793.5,905704748.8350857
2025-12-11 20:59:59.773000+00:00,2025-12-11 20:00:00+00:00,continuous,90793.5,91806.1,90749.6,91740.9,916601087.789994
2025-12-11 21:59:59.543000+00:00,2025-12-11 21:00:00+00:00,continuous,91740.9,93547.3,91644.6,92823.6,2105868162.1858034
2025-12-11 22:59:59.901000+00:00,2025-12-11 22:00:00+00:00,continuous,92823.6,93169.3,92050.3,92325.4,863998073.1468097
2025-12-11 23:59:59.954000+00:00,2025-12-11 23:00:00+00:00,continuous,92325.4,92766.6,92289.8,92477.5,633107551.5360115
2025-12-12 00:59:59.993000+00:00,2025-12-12 00:00:00+00:00,continuous,92477.6,92598.7,91400.0,91521.0,833451175.8120011
2025-12-12 01:59:59.237000+00:00,2025-12-12 01:00:00+00:00,continuous,91521.1,92277.0,91482.9,92129.3,497369192.1366941
2025-12-12 02:59:59.931000+00:00,2025-12-12 02:00:00+00:00,continuous,92129.3,92700.0,91883.3,92542.2,468744569.8678979
2025-12-12 03:59:59.619000+00:00,2025-12-12 03:00:00+00:00,continuous,92542.2,92719.0,92126.7,92234.3,302439963.3967015
2025-12-12 04:59:59.722000+00:00,2025-12-12 04:00:00+00:00,continuous,92234.3,92424.3,92088.8,92355.6,262387758.98289979
2025-12-12 05:59:59.628000+00:00,2025-12-12 05:00:00+00:00,continuous,92355.7,92460.0,92028.4,92404.8,245419506.64579916
2025-12-12 06:59:59.854000+00:00,2025-12-12 06:00:00+00:00,continuous,92404.9,92685.5,92360.9,92468.7,273330008.55499923
2025-12-12 07:59:59.292000+00:00,2025-12-12 07:00:00+00:00,continuous,92468.7,92528.4,92213.2,92389.5,253456431.29319832
2025-12-12 08:59:59.992000+00:00,2025-12-12 08:00:00+00:00,continuous,92389.5,92447.0,92052.9,92311.4,289327293.2514009
2025-12-12 09:59:59.252000+00:00,2025-12-12 09:00:00+00:00,continuous,92310.5,92517.6,92050.0,92481.7,242807051.83289948
2025-12-12 10:59:59.276000+00:00,2025-12-12 10:00:00+00:00,continuous,92481.7,92600.0,92377.3,92454.7,210240629.09300098
2025-12-12 11:59:59.853000+00:00,2025-12-12 11:00:00+00:00,continuous,92454.7,92454.7,92234.5,92381.5,151920795.9269016
2025-12-12 12:59:59.396000+00:00,2025-12-12 12:00:00+00:00,continuous,92381.4,92391.4,92036.4,92389.9,285381406.03970146
2025-12-12 13:59:59.812000+00:00,2025-12-12 13:00:00+00:00,continuous,92389.9,92473.7,92196.0,92261.7,211729342.73470262
2025-12-12 14:59:59.987000+00:00,2025-12-12 14:00:00+00:00,continuous,92261.7,92630.0,91851.0,92393.0,876153826.366403
2025-12-12 15:59:59.930000+00:00,2025-12-12 15:00:00+00:00,continuous,92392.9,92407.2,89688.0,89895.0,3118182255.9233227
2025-12-12 16:59:59.869000+00:00,2025-12-12 16:00:00+00:00,continuous,89895.1,90397.3,89429.0,89996.8,1838170377.7647634
2025-12-12 17:59:59.453000+00:00,2025-12-12 17:00:00+00:00,continuous,89996.8,90584.9,89777.0,90043.5,881306177.4717137
2025-12-12 18:59:59.681000+00:00,2025-12-12 18:00:00+00:00,continuous,90043.9,90617.7,89995.6,90323.7,623574077.1322031
2025-12-12 19:59:59.897000+00:00,2025-12-12 19:00:00+00:00,continuous,90323.8,90359.6,89955.6,90147.3,429818467.9304003
2025-12-12 20:59:59.830000+00:00,2025-12-12 20:00:00+00:00,continuous,90147.4,90286.7,89843.0,90160.0,489796700.3273997
2025-12-12 21:59:59.812000+00:00,2025-12-12 21:00:00+00:00,continuous,90160.0,90314.0,90059.8,90151.0,189427937.18280184
2025-12-12 22:59:59.311000+00:00,2025-12-12 22:00:00+00:00,continuous,90150.9,90357.5,90144.2,90294.5,95838160.70799957
2025-12-12 23:59:59.745000+00:00,2025-12-12 23:00:00+00:00,continuous,90294.7,90341.3,90187.4,90229.6,129851943.81240037
2025-12-13 00:59:58.938000+00:00,2025-12-13 00:00:00+00:00,continuous,90229.7,90398.0,90162.0,90276.9,138025367.0872003
2025-12-13 01:59:59.892000+00:00,2025-12-13 01:00:00+00:00,continuous,90276.9,90321.1,90077.0,90192.2,162481403.6105003
2025-12-13 02:59:59.933000+00:00,2025-12-13 02:00:00+00:00,continuous,90192.1,90282.0,90184.0,90195.0,93569636.3585007
2025-12-13 03:59:59.788000+00:00,2025-12-13 03:00:00+00:00,continuous,90194.9,90432.0,90165.3,90304.0,110600455.03139842
2025-12-13 04:59:59.495000+00:00,2025-12-13 04:00:00+00:00,continuous,90304.1,90379.5,90229.0,90334.8,96010672.79520103
2025-12-13 05:59:58.255000+00:00,2025-12-13 05:00:00+00:00,continuous,90334.8,90350.9,90226.8,90301.3,67288194.25879955
2025-12-13 06:59:59.920000+00:00,2025-12-13 06:00:00+00:00,continuous,90301.4,90339.3,90232.3,90317.4,62642455.1262001
2025-12-13 07:59:59.899000+00:00,2025-12-13 07:00:00+00:00,continuous,90317.5,90362.1,90274.5,90286.1,116902925.6148999
2025-12-13 08:59:59.648000+00:00,2025-12-13 08:00:00+00:00,continuous,90286.0,90536.0,90280.4,90413.9,287675341.6545016
2025-12-13 09:59:58.249000+00:00,2025-12-13 09:00:00+00:00,continuous,90414.0,90472.7,90338.0,90375.3,100163877.24000065
2025-12-13 10:59:59.236000+00:00,2025-12-13 10:00:00+00:00,continuous,90375.3,90599.0,90366.8,90546.7,145725839.49379984
2025-12-13 11:59:59.876000+00:00,2025-12-13 11:00:00+00:00,continuous,90546.7,90563.1,90239.0,90298.4,180252019.47299933
2025-12-13 12:59:59.902000+00:00,2025-12-13 12:00:00+00:00,continuous,90298.5,90441.9,90241.1,90309.8,137843783.59259808
2025-12-13 13:59:59.132000+00:00,2025-12-13 13:00:00+00:00,continuous,90309.8,90419.3,90153.6,90215.0,175244314.6850004
2025-12-13 14:59:59.922000+00:00,2025-12-13 14:00:00+00:00,continuous,90215.1,90305.5,89888.0,90048.5,337961038.8079032
2025-12-13 15:59:59.926000+00:00,2025-12-13 15:00:00+00:00,continuous,90048.5,90259.0,89999.0,90055.4,162432471.27720028
2025-12-13 16:59:58.907000+00:00,2025-12-13 16:00:00+00:00,continuous,90055.3,90236.6,89993.4,90054.0,155161770.4766014
2025-12-13 17:59:59.892000+00:00,2025-12-13 17:00:00+00:00,continuous,90054.1,90070.1,89944.0,90022.5,115381189.79699984
2025-12-13 18:59:59.520000+00:00,2025-12-13 18:00:00+00:00,continuous,90022.5,90163.0,90011.6,90089.1,75564687.93110141
2025-12-13 19:59:59.002000+00:00,2025-12-13 19:00:00+00:00,continuous,90089.2,90195.6,90074.7,90150.9,66165337.61290042
2025-12-13 20:59:59.290000+00:00,2025-12-13 20:00:00+00:00,continuous,90150.8,90187.3,90000.2,90058.4,71791173.72220023
2025-12-13 21:59:59.511000+00:00,2025-12-13 21:00:00+00:00,continuous,90058.5,90150.0,89711.9,90137.8,215060298.3567004
2025-12-13 22:59:59.375000+00:00,2025-12-13 22:00:00+00:00,continuous,90137.9,90227.4,89957.3,90092.4,104823575.02460036
2025-12-13 23:59:59.828000+00:00,2025-12-13 23:00:00+00:00,continuous,90092.3,90248.0,90018.2,90191.3,90803273.30630012
2025-12-14 00:59:59.475000+00:00,2025-12-14 00:00:00+00:00,continuous,90191.3,90440.0,90071.6,90303.5,403689732.6533005
2025-12-14 01:59:58.274000+00:00,2025-12-14 01:00:00+00:00,continuous,90303.6,90405.0,90166.0,90256.6,114303236.07840107
2025-12-14 02:59:58.331000+00:00,2025-12-14 02:00:00+00:00,continuous,90256.5,90349.8,90200.0,90244.9,81597955.03400102
2025-12-14 03:59:56.175000+00:00,2025-12-14 03:00:00+00:00,continuous,90245.0,90262.3,90200.0,90222.3,40144850.758899875
2025-12-14 04:59:59.703000+00:00,2025-12-14 04:00:00+00:00,continuous,90222.4,90300.0,90086.0,90159.3,83975343.59959947
2025-12-14 05:59:59.604000+00:00,2025-12-14 05:00:00+00:00,continuous,90159.3,90185.8,90005.8,90161.0,140926020.06439853
2025-12-14 06:59:59.845000+00:00,2025-12-14 06:00:00+00:00,continuous,90161.1,90202.0,90055.0,90105.0,67828019.2567994
2025-12-14 07:59:59.357000+00:00,2025-12-14 07:00:00+00:00,continuous,90105.1,90235.6,90035.2,90205.1,67787326.77499935
2025-12-14 08:59:59.351000+00:00,2025-12-14 08:00:00+00:00,continuous,90205.1,90250.0,90064.5,90072.4,84785372.7168003
2025-12-14 09:59:59.969000+00:00,2025-12-14 09:00:00+00:00,continuous,90072.3,90112.3,89939.2,89991.4,171697007.7525
2025-12-14 10:59:59.865000+00:00,2025-12-14 10:00:00+00:00,continuous,89991.4,90101.0,89740.0,89819.0,308363385.3462017
2025-12-14 11:59:59.978000+00:00,2025-12-14 11:00:00+00:00,continuous,89818.9,89825.0,88412.8,89308.2,1638837025.8961892
2025-12-14 12:59:59.754000+00:00,2025-12-14 12:00:00+00:00,continuous,89308.3,89630.8,89055.4,89382.9,518118470.9223978
2025-12-14 13:59:59.867000+00:00,2025-12-14 13:00:00+00:00,continuous,89382.8,89459.4,89035.1,89450.5,333745870.0120959
2025-12-14 14:59:59.791000+00:00,2025-12-14 14:00:00+00:00,continuous,89450.4,89527.2,88838.7,89074.1,441550162.4979983
2025-12-14 15:59:59.840000+00:00,2025-12-14 15:00:00+00:00,continuous,89074.1,89146.6,88831.7,88985.2,246783673.20730028
2025-12-14 16:59:59.976000+00:00,2025-12-14 16:00:00+00:00,continuous,88985.2,89372.8,88435.0,88780.0,654114929.3611084
2025-12-14 17:59:59.791000+00:00,2025-12-14 17:00:00+00:00,continuous,88779.9,88991.4,88551.0,88760.7,358813170.06570005
2025-12-14 18:59:59.052000+00:00,2025-12-14 18:00:00+00:00,continuous,88760.7,89027.7,88666.6,88951.8,238781174.83030024
2025-12-14 19:59:58.894000+00:00,2025-12-14 19:00:00+00:00,continuous,88951.7,88951.8,88432.0,88598.7,319596448.8392946
2025-12-14 20:59:59.959000+00:00,2025-12-14 20:00:00+00:00,continuous,88598.7,88779.1,88272.2,88515.9,373166628.8202034
2025-12-14 21:59:59.913000+00:00,2025-12-14 21:00:00+00:00,continuous,88515.9,88672.1,88300.0,88403.7,221573446.2216992
2025-12-14 22:59:59.938000+00:00,2025-12-14 22:00:00+00:00,continuous,88403.6,88581.9,87920.0,88370.2,480548969.7368053
2025-12-14 23:59:59.945000+00:00,2025-12-14 23:00:00+00:00,continuous,88370.3,88586.8,87504.3,88118.8,811744024.9830949
2025-12-15 00:59:59.271000+00:00,2025-12-15 00:00:00+00:00,continuous,88118.8,88656.3,88025.3,88414.9,604671904.274898
2025-12-15 01:59:59.816000+00:00,2025-12-15 01:00:00+00:00,continuous,88415.0,89291.9,88376.7,89189.1,682210557.6205007
2025-12-15 02:59:59.945000+00:00,2025-12-15 02:00:00+00:00,continuous,89189.0,89972.4,89180.2,89269.5,936911508.4865063
2025-12-15 03:59:59.741000+00:00,2025-12-15 03:00:00+00:00,continuous,89269.5,89497.2,89180.2,89239.9,252742447.27289742
2025-12-15 04:59:59.838000+00:00,2025-12-15 04:00:00+00:00,continuous,89240.0,89750.0,89229.5,89631.2,293941562.64579886
2025-12-15 05:59:59.954000+00:00,2025-12-15 05:00:00+00:00,continuous,89631.3,89713.0,89455.0,89576.9,203696171.9330997
2025-12-15 06:59:59.291000+00:00,2025-12-15 06:00:00+00:00,continuous,89576.9,89880.0,89428.4,89692.8,206929774.25899968
2025-12-15 07:59:59.339000+00:00,2025-12-15 07:00:00+00:00,continuous,89692.9,89787.1,89466.0,89703.0,275514554.4360997
2025-12-15 08:59:59.560000+00:00,2025-12-15 08:00:00+00:00,continuous,89702.9,89856.0,89604.8,89722.3,210218115.20849866
2025-12-15 09:59:59.999000+00:00,2025-12-15 09:00:00+00:00,continuous,89722.3,89940.0,89719.9,89815.6,239661973.71700355
2025-12-15 10:59:59.205000+00:00,2025-12-15 10:00:00+00:00,continuous,89815.7,89940.0,89640.6,89811.5,324213692.47540015
2025-12-15 11:59:59.984000+00:00,2025-12-15 11:00:00+00:00,continuous,89811.6,89861.9,89525.0,89606.0,284252249.59640044
2025-12-15 12:59:59.830000+00:00,2025-12-15 12:00:00+00:00,continuous,89606.0,89728.8,89384.5,89657.8,386527899.80210334
2025-12-15 13:59:59.862000+00:00,2025-12-15 13:00:00+00:00,continuous,89657.9,89699.0,89230.2,89388.0,451045727.0363975
2025-12-15 14:59:59.897000+00:00,2025-12-15 14:00:00+00:00,continuous,89388.1,89845.0,87800.0,88004.3,1875625202.9408076
2025-12-15 15:59:59.845000+00:00,2025-12-15 15:00:00+00:00,continuous,88004.3,88179.4,86563.6,86996.6,3218362863.890192
2025-12-15 16:59:59.976000+00:00,2025-12-15 16:00:00+00:00,continuous,86996.5,87189.9,86000.0,86360.6,1537436218.7035217
2025-12-15 17:59:59.877000+00:00,2025-12-15 17:00:00+00:00,continuous,86360.5,86487.2,85560.0,85734.3,1177340879.215198
2025-12-15 18:59:59.879000+00:00,2025-12-15 18:00:00+00:00,continuous,85734.2,86240.8,85073.0,86142.7,1305572200.6631987
2025-12-15 19:59:59.817000+00:00,2025-12-15 19:00:00+00:00,continuous,86142.7,86521.2,85833.4,86104.2,818507931.0668968
2025-12-15 20:59:59.802000+00:00,2025-12-15 20:00:00+00:00,continuous,86104.2,86155.9,85574.7,85763.2,622983629.8470032
2025-12-15 21:59:59.978000+00:00,2025-12-15 21:00:00+00:00,continuous,85756.9,86275.0,85489.7,86209.6,548405327.282499
2025-12-15 22:59:59.751000+00:00,2025-12-15 22:00:00+00:00,continuous,86209.7,86235.5,85781.4,86228.8,215042162.84769976
2025-12-15 23:59:59.914000+00:00,2025-12-15 23:00:00+00:00,continuous,86228.8,86437.1,86069.0,86389.9,340111237.2110022
2025-12-16 00:59:59.880000+00:00,2025-12-16 00:00:00+00:00,continuous,86390.0,86478.6,85802.1,85821.1,372232806.9799986
2025-12-16 01:59:59.941000+00:00,2025-12-16 01:00:00+00:00,continuous,85821.1,86135.6,85625.3,85850.1,342698721.1317973
2025-12-16 02:59:59.695000+00:00,2025-12-16 02:00:00+00:00,continuous,85850.0,86188.0,85762.8,85901.6,244927190.10749772
2025-12-16 03:59:59.888000+00:00,2025-12-16 03:00:00+00:00,continuous,85901.7,85979.9,85340.1,85837.7,482004718.69039893
2025-12-16 04:59:59.896000+00:00,2025-12-16 04:00:00+00:00,continuous,85837.6,85887.8,85226.0,85799.9,335494966.1796016
2025-12-16 05:59:59.596000+00:00,2025-12-16 05:00:00+00:00,continuous,85799.9,86171.1,85759.0,85983.8,360348920.171399
2025-12-16 06:59:59.793000+00:00,2025-12-16 06:00:00+00:00,continuous,85983.8,86575.8,85983.8,86458.0,308149234.1633977
2025-12-16 07:59:59.646000+00:00,2025-12-16 07:00:00+00:00,continuous,86458.1,86577.0,85807.6,85964.8,484245432.4935969
2025-12-16 08:59:59.532000+00:00,2025-12-16 08:00:00+00:00,continuous,85964.9,86343.4,85874.6,86236.5,249622074.40169954
2025-12-16 09:59:59.209000+00:00,2025-12-16 09:00:00+00:00,continuous,86236.5,86392.0,86151.4,86307.6,199143651.92469895
2025-12-16 10:59:59.775000+00:00,2025-12-16 10:00:00+00:00,continuous,86307.7,87299.7,86230.6,86932.1,772115871.1886005
2025-12-16 11:59:59.606000+00:00,2025-12-16 11:00:00+00:00,continuous,86932.1,87295.8,86766.0,87216.6,414533841.73020256
2025-12-16 12:59:59.810000+00:00,2025-12-16 12:00:00+00:00,continuous,87216.6,87450.0,87023.2,87161.9,351072644.9082981
2025-12-16 13:59:59.993000+00:00,2025-12-16 13:00:00+00:00,continuous,87161.8,87776.3,86365.8,86410.4,1496918539.5935874
2025-12-16 14:59:59.988000+00:00,2025-12-16 14:00:00+00:00,continuous,86410.5,87740.0,86055.9,87257.2,1535718329.6401198
2025-12-16 15:59:59.931000+00:00,2025-12-16 15:00:00+00:00,continuous,87257.3,88143.9,86783.8,87936.3,1338531030.143316
2025-12-16 16:59:58.996000+00:00,2025-12-16 16:00:00+00:00,continuous,87936.3,88012.5,87340.0,87539.0,852756198.2077086
2025-12-16 17:59:59.669000+00:00,2025-12-16 17:00:00+00:00,continuous,87539.1,87803.1,87050.0,87087.7,452402695.6049964
2025-12-16 18:59:59.842000+00:00,2025-12-16 18:00:00+00:00,continuous,87087.7,87980.0,87015.8,87741.3,566468172.9781965
2025-12-16 19:59:59.815000+00:00,2025-12-16 19:00:00+00:00,continuous,87741.3,87760.6,87245.2,87538.7,407869293.6559992
2025-12-16 20:59:59.978000+00:00,2025-12-16 20:00:00+00:00,continuous,87538.7,87809.8,87297.9,87533.7,273712872.3759975
2025-12-16 21:59:59.513000+00:00,2025-12-16 21:00:00+00:00,continuous,87533.6,87880.6,87455.5,87728.6,208311383.41310066
2025-12-16 22:59:58.106000+00:00,2025-12-16 22:00:00+00:00,continuous,87728.6,87900.0,87600.2,87753.6,143106776.89150038
2025-12-16 23:59:58.893000+00:00,2025-12-16 23:00:00+00:00,continuous,87753.6,87835.3,87557.3,87826.3,169137677.2206991
2025-12-17 00:59:59.616000+00:00,2025-12-17 00:00:00+00:00,continuous,87826.3,87826.3,87371.7,87499.3,252518121.7715047
2025-12-17 01:59:59.971000+00:00,2025-12-17 01:00:00+00:00,continuous,87499.3,87925.8,87439.8,87518.0,276148621.0134023
2025-12-17 02:59:59.661000+00:00,2025-12-17 02:00:00+00:00,continuous,87517.9,87558.5,87150.0,87452.7,295349675.64369804
2025-12-17 03:59:59.851000+00:00,2025-12-17 03:00:00+00:00,continuous,87452.7,87577.3,87104.2,87178.1,196934699.36159807
2025-12-17 04:59:59.826000+00:00,2025-12-17 04:00:00+00:00,continuous,87178.2,87360.8,86675.4,86716.7,430942796.4917023
2025-12-17 05:59:59.902000+00:00,2025-12-17 05:00:00+00:00,continuous,86716.8,86726.9,86158.4,86595.0,719791683.0961009
2025-12-17 06:59:59.082000+00:00,2025-12-17 06:00:00+00:00,continuous,86595.0,86972.7,86554.7,86735.5,424934730.36080176
2025-12-17 07:59:59.857000+00:00,2025-12-17 07:00:00+00:00,continuous,86735.5,87164.2,86555.5,87010.4,397157020.90670425
2025-12-17 08:59:59.112000+00:00,2025-12-17 08:00:00+00:00,continuous,87010.4,87010.4,86286.0,86366.0,364545558.7755
2025-12-17 09:59:59.892000+00:00,2025-12-17 09:00:00+00:00,continuous,86366.1,86573.9,86222.7,86386.1,333552954.43509775
2025-12-17 10:59:59.221000+00:00,2025-12-17 10:00:00+00:00,continuous,86386.1,86810.0,86201.0,86587.1,339808219.075405
2025-12-17 11:59:59.447000+00:00,2025-12-17 11:00:00+00:00,continuous,86587.0,87100.0,86523.2,86939.3,303123392.18439883
2025-12-17 12:59:59.699000+00:00,2025-12-17 12:00:00+00:00,continuous,86939.2,87189.6,86776.7,86984.0,475974292.4958957
2025-12-17 13:59:59.985000+00:00,2025-12-17 13:00:00+00:00,continuous,86984.0,87838.5,86768.8,87579.0,787296185.5035012
2025-12-17 14:59:59.972000+00:00,2025-12-17 14:00:00+00:00,continuous,87579.0,89665.1,87099.5,89633.9,2375150220.4568124
2025-12-17 15:59:59.997000+00:00,2025-12-17 15:00:00+00:00,continuous,89634.0,90363.2,87088.9,87191.4,3988349159.0369334
2025-12-17 16:59:59.986000+00:00,2025-12-17 16:00:00+00:00,continuous,87191.0,87737.3,86128.5,86946.6,2172672973.963496
2025-12-17 17:59:59.808000+00:00,2025-12-17 17:00:00+00:00,continuous,86945.8,87077.0,86215.0,86380.6,747954303.0825907
2025-12-17 18:59:59.985000+00:00,2025-12-17 18:00:00+00:00,continuous,86380.7,86807.2,85615.0,85796.1,840370770.9283974
2025-12-17 19:59:59.733000+00:00,2025-12-17 19:00:00+00:00,continuous,85796.2,86149.0,85261.3,85982.7,1052447148.0834098
2025-12-17 20:59:59.825000+00:00,2025-12-17 20:00:00+00:00,continuous,85982.7,86228.2,85630.0,85854.7,614561958.7978956
2025-12-17 21:59:59.972000+00:00,2025-12-17 21:00:00+00:00,continuous,85854.7,86024.2,85663.0,85946.0,209175453.55799854
2025-12-17 22:59:59.527000+00:00,2025-12-17 22:00:00+00:00,continuous,85946.2,86421.0,85850.0,86312.5,349390757.3281029
2025-12-17 23:59:59.686000+00:00,2025-12-17 23:00:00+00:00,continuous,86312.4,86312.5,85909.3,86201.6,280314572.15840036
2025-12-18 00:59:59.543000+00:00,2025-12-18 00:00:00+00:00,continuous,86201.6,86284.0,86012.1,86191.9,201367721.58509758
2025-12-18 01:59:58.861000+00:00,2025-12-18 01:00:00+00:00,continuous,86191.8,86207.3,85820.6,86085.7,221767934.3384999
2025-12-18 02:59:59.993000+00:00,2025-12-18 02:00:00+00:00,continuous,86085.6,86836.2,85970.7,86649.6,622530648.8018034
2025-12-18 03:59:59.966000+00:00,2025-12-18 03:00:00+00:00,continuous,86649.5,86649.6,86200.0,86575.1,346273209.25179917
2025-12-18 04:59:59.849000+00:00,2025-12-18 04:00:00+00:00,continuous,86575.1,86859.1,86558.0,86715.8,273265305.67679805
2025-12-18 05:59:59.878000+00:00,2025-12-18 05:00:00+00:00,continuous,86715.9,86718.1,86323.7,86400.0,265607252.5429
2025-12-18 06:59:59.753000+00:00,2025-12-18 06:00:00+00:00,continuous,86400.1,86623.5,86353.8,86607.0,165302815.21079957
2025-12-18 07:59:58.806000+00:00,2025-12-18 07:00:00+00:00,continuous,86607.0,86822.2,86546.0,86787.5,297359190.53329885
2025-12-18 08:59:59.598000+00:00,2025-12-18 08:00:00+00:00,continuous,86787.5,87085.7,86640.5,86934.9,379149767.80539984
2025-12-18 09:59:59.556000+00:00,2025-12-18 09:00:00+00:00,continuous,86934.9,87350.0,86755.0,87237.0,381691465.93879914
2025-12-18 10:59:59.935000+00:00,2025-12-18 10:00:00+00:00,continuous,87236.9,87417.6,87161.6,87307.2,249256772.96400028
2025-12-18 11:59:59.988000+00:00,2025-12-18 11:00:00+00:00,continuous,87307.2,87315.3,87014.4,87268.1,247923313.58090204
2025-12-18 12:59:59.664000+00:00,2025-12-18 12:00:00+00:00,continuous,87257.0,87396.7,87068.0,87215.2,264280219.6973
2025-12-18 13:59:59.877000+00:00,2025-12-18 13:00:00+00:00,continuous,87215.1,89173.9,87215.1,88804.0,2307093695.163059
2025-12-18 14:59:59.987000+00:00,2025-12-18 14:00:00+00:00,continuous,88804.0,89447.9,87673.8,88325.4,2437500315.787843
2025-12-18 15:59:59.955000+00:00,2025-12-18 15:00:00+00:00,continuous,88325.4,89333.0,87940.0,88480.8,1688788943.9912004
2025-12-18 16:59:59.928000+00:00,2025-12-18 16:00:00+00:00,continuous,88480.7,88500.0,87797.6,87984.6,812887691.6659995
2025-12-18 17:59:59.906000+00:00,2025-12-18 17:00:00+00:00,continuous,87984.6,87999.9,85427.5,86443.6,2985520300.494337
2025-12-18 18:59:59.912000+00:00,2025-12-18 18:00:00+00:00,continuous,86443.6,86865.6,85662.5,85946.7,1152023035.1908112
2025-12-18 19:59:59.997000+00:00,2025-12-18 19:00:00+00:00,continuous,85946.7,85990.0,84429.9,84447.0,2258753328.656796
2025-12-18 20:59:59.997000+00:00,2025-12-18 20:00:00+00:00,continuous,84446.9,85248.1,84408.6,84558.8,1032403082.7122011
2025-12-18 21:59:59.932000+00:00,2025-12-18 21:00:00+00:00,continuous,84557.4,85800.0,84521.2,85584.6,839485825.9843079
2025-12-18 22:59:59.760000+00:00,2025-12-18 22:00:00+00:00,continuous,85584.3,85721.2,85245.8,85544.0,285116748.96979904
2025-12-18 23:59:59.349000+00:00,2025-12-18 23:00:00+00:00,continuous,85544.0,85591.6,85271.7,85469.7,228734397.852999
2025-12-19 00:59:59.722000+00:00,2025-12-19 00:00:00+00:00,continuous,85469.8,85576.1,85260.0,85572.9,229364421.50010172
2025-12-19 01:59:59.418000+00:00,2025-12-19 01:00:00+00:00,continuous,85572.8,85572.8,85062.7,85291.7,238105664.98260003
2025-12-19 02:59:59.879000+00:00,2025-12-19 02:00:00+00:00,continuous,85291.1,85917.4,85091.5,85600.8,484157021.62890637
2025-12-19 03:59:59.826000+00:00,2025-12-19 03:00:00+00:00,continuous,85600.9,87550.0,85566.1,86863.1,1687998881.1985195
2025-12-19 04:59:59.694000+00:00,2025-12-19 04:00:00+00:00,continuous,86863.2,87354.8,86793.5,87073.5,693903151.6353949
2025-12-19 05:59:59.630000+00:00,2025-12-19 05:00:00+00:00,continuous,87073.4,87200.0,86651.9,87099.7,463892992.3719982
2025-12-19 06:59:59.669000+00:00,2025-12-19 06:00:00+00:00,continuous,87099.7,87450.0,86871.6,87449.9,267610630.3978002
2025-12-19 07:59:59.962000+00:00,2025-12-19 07:00:00+00:00,continuous,87450.0,88366.0,87436.3,87909.7,1025272600.3904034
2025-12-19 08:59:59.594000+00:00,2025-12-19 08:00:00+00:00,continuous,87909.7,88179.6,87700.0,88063.2,462664304.4318033
2025-12-19 09:59:59.859000+00:00,2025-12-19 09:00:00+00:00,continuous,88063.2,88134.0,87856.0,88068.3,247458068.1746999
2025-12-19 10:59:59.876000+00:00,2025-12-19 10:00:00+00:00,continuous,88068.4,88333.7,87884.4,88237.1,492183042.2366998
2025-12-19 11:59:59.732000+00:00,2025-12-19 11:00:00+00:00,continuous,88237.2,88345.1,88100.1,88169.9,277039181.38659865
2025-12-19 12:59:59.911000+00:00,2025-12-19 12:00:00+00:00,continuous,88170.0,88247.5,87810.8,87840.8,577955765.2786067
2025-12-19 13:59:59.477000+00:00,2025-12-19 13:00:00+00:00,continuous,87840.7,88228.9,87800.0,87968.1,494369584.6762032
2025-12-19 14:59:59.655000+00:00,2025-12-19 14:00:00+00:00,continuous,87968.0,88610.0,87488.0,88140.8,1537525954.962501
2025-12-19 15:59:59.976000+00:00,2025-12-19 15:00:00+00:00,continuous,88140.8,89374.6,87655.6,87925.6,1956821203.6777623
2025-12-19 16:59:59.589000+00:00,2025-12-19 16:00:00+00:00,continuous,87925.6,88888.0,87841.8,87956.6,770294190.0591792
2025-12-19 17:59:59.970000+00:00,2025-12-19 17:00:00+00:00,continuous,87956.6,88320.0,86795.5,86912.6,1374620631.8080971
2025-12-19 18:59:59.820000+00:00,2025-12-19 18:00:00+00:00,continuous,86912.5,87436.3,86808.1,87126.2,450397868.98620224
2025-12-19 19:59:59.681000+00:00,2025-12-19 19:00:00+00:00,continuous,87126.2,88097.3,87100.0,87812.8,642090897.2375028
2025-12-19 20:59:59.988000+00:00,2025-12-19 20:00:00+00:00,continuous,87812.9,88406.3,87569.1,88064.8,716571411.1361017
2025-12-19 21:59:59.697000+00:00,2025-12-19 21:00:00+00:00,continuous,88065.0,88076.8,87758.1,87805.3,193359604.8493995
2025-12-19 22:59:59.947000+00:00,2025-12-19 22:00:00+00:00,continuous,87805.8,88394.4,87805.8,88301.1,200331539.24509674
2025-12-19 23:59:59.182000+00:00,2025-12-19 23:00:00+00:00,continuous,88301.0,88320.0,88085.0,88100.0,133348138.34049997
2025-12-20 00:59:59.866000+00:00,2025-12-20 00:00:00+00:00,continuous,88100.0,88151.2,87926.7,87967.3,186901188.36970013
2025-12-20 01:59:58.913000+00:00,2025-12-20 01:00:00+00:00,continuous,87967.4,88132.8,87967.3,88036.7,66050210.41340047
2025-12-20 02:59:58.621000+00:00,2025-12-20 02:00:00+00:00,continuous,88036.6,88279.0,87945.7,88168.0,148350857.91859972
2025-12-20 03:59:59.197000+00:00,2025-12-20 03:00:00+00:00,continuous,88167.9,88294.8,88122.8,88165.3,95384521.18979895
2025-12-20 04:59:59.913000+00:00,2025-12-20 04:00:00+00:00,continuous,88165.3,88294.0,88065.9,88257.1,120642143.17910011
2025-12-20 05:59:59.684000+00:00,2025-12-20 05:00:00+00:00,continuous,88257.1,88551.8,88229.6,88250.0,265125093.78349775
2025-12-20 06:59:59.937000+00:00,2025-12-20 06:00:00+00:00,continuous,88250.1,88409.0,88234.7,88262.2,87483271.9002004
2025-12-20 07:59:59.967000+00:00,2025-12-20 07:00:00+00:00,continuous,88262.3,88296.3,88145.6,88239.9,135814380.08589876
2025-12-20 08:59:59.842000+00:00,2025-12-20 08:00:00+00:00,continuous,88240.0,88397.8,88217.0,88217.0,100868274.91929951
2025-12-20 09:59:59+00:00,2025-12-20 09:00:00+00:00,continuous,88217.0,88310.0,88182.0,88190.0,72632801.88060059
2025-12-20 10:59:59.642000+00:00,2025-12-20 10:00:00+00:00,continuous,88190.0,88250.0,88092.1,88133.7,120693680.20340034
2025-12-20 11:59:59.734000+00:00,2025-12-20 11:00:00+00:00,continuous,88133.6,88279.5,88063.8,88243.6,135365535.4912997
2025-12-20 12:59:59.082000+00:00,2025-12-20 12:00:00+00:00,continuous,88243.6,88320.0,88146.9,88214.0,77647701.42549999
2025-12-20 13:59:59.731000+00:00,2025-12-20 13:00:00+00:00,continuous,88213.9,88313.7,87698.5,88230.9,559861760.012701
2025-12-20 14:59:59.394000+00:00,2025-12-20 14:00:00+00:00,continuous,88230.9,88244.0,87970.3,88213.4,183700697.15579867
2025-12-20 15:59:59.890000+00:00,2025-12-20 15:00:00+00:00,continuous,88213.4,88234.1,87971.6,88134.6,194194049.74719918
2025-12-20 16:59:59.808000+00:00,2025-12-20 16:00:00+00:00,continuous,88134.5,88202.3,88089.1,88115.3,83173395.71089944
2025-12-20 17:59:59.199000+00:00,2025-12-20 17:00:00+00:00,continuous,88115.4,88217.2,88060.0,88144.5,69036302.95309979
2025-12-20 18:59:59.731000+00:00,2025-12-20 18:00:00+00:00,continuous,88144.6,88407.7,88111.5,88277.1,133073573.77359961
2025-12-20 19:59:59.793000+00:00,2025-12-20 19:00:00+00:00,continuous,88277.1,88298.0,88157.0,88196.3,60420393.35700025
2025-12-20 20:59:59.532000+00:00,2025-12-20 20:00:00+00:00,continuous,88196.4,88285.2,88175.3,88250.4,45369928.971000396
2025-12-20 21:59:59.141000+00:00,2025-12-20 21:00:00+00:00,continuous,88250.3,88434.9,88140.3,88179.6,93131592.71919936
2025-12-20 22:59:59.250000+00:00,2025-12-20 22:00:00+00:00,continuous,88179.6,88306.1,88111.1,88244.1,59782903.13160012
2025-12-20 23:59:59.911000+00:00,2025-12-20 23:00:00+00:00,continuous,88244.1,88393.3,88213.5,88320.8,77078519.94499993
2025-12-21 00:59:59.615000+00:00,2025-12-21 00:00:00+00:00,continuous,88320.7,88400.0,88262.6,88354.8,84723870.37030035
2025-12-21 01:59:59.687000+00:00,2025-12-21 01:00:00+00:00,continuous,88354.8,88354.8,87959.8,87980.5,250330813.25730076
2025-12-21 02:59:59.827000+00:00,2025-12-21 02:00:00+00:00,continuous,87980.5,88115.3,87821.1,87911.5,213679779.71869883
2025-12-21 03:59:59.975000+00:00,2025-12-21 03:00:00+00:00,continuous,87911.6,88127.9,87899.8,88043.2,97364643.53369923
2025-12-21 04:59:59.334000+00:00,2025-12-21 04:00:00+00:00,continuous,88043.3,88119.3,88010.0,88036.4,50427184.74339991
2025-12-21 05:59:59.005000+00:00,2025-12-21 05:00:00+00:00,continuous,88036.4,88123.8,88015.0,88102.0,47296939.93199954
2025-12-21 06:59:59.247000+00:00,2025-12-21 06:00:00+00:00,continuous,88102.0,88174.5,88030.0,88057.3,70444409.83659987
2025-12-21 07:59:59.631000+00:00,2025-12-21 07:00:00+00:00,continuous,88057.4,88139.6,88013.0,88138.7,66046703.73579963
2025-12-21 08:59:59.843000+00:00,2025-12-21 08:00:00+00:00,continuous,88138.8,88729.2,88103.3,88509.0,432970355.9500017
2025-12-21 09:59:59.925000+00:00,2025-12-21 09:00:00+00:00,continuous,88509.0,89050.0,88465.0,88868.0,505762120.39179564
2025-12-21 10:59:59.284000+00:00,2025-12-21 10:00:00+00:00,continuous,88868.0,88940.0,88536.0,88633.1,304126889.07789594
2025-12-21 11:59:59.782000+00:00,2025-12-21 11:00:00+00:00,continuous,88633.2,88722.0,88544.3,88570.6,124518309.77320056
2025-12-21 12:59:59.788000+00:00,2025-12-21 12:00:00+00:00,continuous,88570.7,88885.9,88412.9,88588.6,317748662.31620216
2025-12-21 13:59:59.906000+00:00,2025-12-21 13:00:00+00:00,continuous,88588.6,88660.4,87548.5,87630.5,1104066706.7259912
2025-12-21 14:59:59.074000+00:00,2025-12-21 14:00:00+00:00,continuous,87630.4,88119.9,87575.7,88019.1,543417887.8879946
2025-12-21 15:59:59.267000+00:00,2025-12-21 15:00:00+00:00,continuous,88019.0,88254.9,87763.2,88024.7,300797770.723801
2025-12-21 16:59:59.371000+00:00,2025-12-21 16:00:00+00:00,continuous,88024.7,88329.1,87936.3,88309.8,252088660.51659697
2025-12-21 17:59:59.807000+00:00,2025-12-21 17:00:00+00:00,continuous,88309.9,88453.9,88222.7,88283.6,199847212.6299988
2025-12-21 18:59:59.825000+00:00,2025-12-21 18:00:00+00:00,continuous,88283.7,88424.9,87902.0,88406.9,244353751.3336
2025-12-21 19:59:59.574000+00:00,2025-12-21 19:00:00+00:00,continuous,88406.8,88588.0,88162.1,88448.2,205094997.1456002
2025-12-21 20:59:57.827000+00:00,2025-12-21 20:00:00+00:00,continuous,88448.3,88465.9,88190.0,88195.6,82068652.44940002
2025-12-21 21:59:59.651000+00:00,2025-12-21 21:00:00+00:00,continuous,88195.7,88338.2,88047.4,88121.6,87285693.72799921
2025-12-21 22:59:58.823000+00:00,2025-12-21 22:00:00+00:00,continuous,88121.6,88459.0,88074.3,88440.2,111050234.79409973
2025-12-21 23:59:59.811000+00:00,2025-12-21 23:00:00+00:00,continuous,88440.3,88786.9,88325.0,88621.3,272621641.24759823
2025-12-22 00:59:59.991000+00:00,2025-12-22 00:00:00+00:00,continuous,88621.3,89600.0,88521.7,88581.7,1143360392.1159976
2025-12-22 01:59:59.929000+00:00,2025-12-22 01:00:00+00:00,continuous,88581.6,89250.0,88458.2,88580.1,542195431.797894
2025-12-22 02:59:59.985000+00:00,2025-12-22 02:00:00+00:00,continuous,88580.2,88618.1,87845.0,88417.1,823895954.6553067
2025-12-22 03:59:59.894000+00:00,2025-12-22 03:00:00+00:00,continuous,88417.1,88826.1,88230.1,88727.5,329694568.7659961
2025-12-22 04:59:59.874000+00:00,2025-12-22 04:00:00+00:00,continuous,88727.4,88996.3,88665.3,88863.5,254728164.75729868
2025-12-22 05:59:59.893000+00:00,2025-12-22 05:00:00+00:00,continuous,88863.4,88966.0,88712.1,88790.7,161595717.52810097
2025-12-22 06:59:59.963000+00:00,2025-12-22 06:00:00+00:00,continuous,88790.6,88979.4,88688.6,88867.3,167993930.05170062
2025-12-22 07:59:59.790000+00:00,2025-12-22 07:00:00+00:00,continuous,88867.3,89173.8,88845.0,89127.7,228809422.41880032
2025-12-22 08:59:59.714000+00:00,2025-12-22 08:00:00+00:00,continuous,89127.8,89887.9,89050.1,89297.6,1045497024.8850039
2025-12-22 09:59:59.773000+00:00,2025-12-22 09:00:00+00:00,continuous,89297.6,89798.0,89253.2,89785.3,352893068.7984021
2025-12-22 10:59:59.893000+00:00,2025-12-22 10:00:00+00:00,continuous,89785.3,89837.4,89561.3,89742.0,337355325.20630413
2025-12-22 11:59:59.716000+00:00,2025-12-22 11:00:00+00:00,continuous,89742.0,90085.0,89607.7,89905.2,587390775.7033964
2025-12-22 12:59:59.943000+00:00,2025-12-22 12:00:00+00:00,continuous,89905.2,90599.0,89811.6,90171.2,822258577.0989096
2025-12-22 13:59:59.726000+00:00,2025-12-22 13:00:00+00:00,continuous,90171.3,90286.8,89685.0,89882.6,545024217.3720042
2025-12-22 14:59:59.851000+00:00,2025-12-22 14:00:00+00:00,continuous,89882.6,90259.6,89381.3,90088.4,1150478874.9179928
2025-12-22 15:59:59.946000+00:00,2025-12-22 15:00:00+00:00,continuous,90088.4,90451.9,89109.1,89688.5,1351399164.5398595
2025-12-22 16:59:59.660000+00:00,2025-12-22 16:00:00+00:00,continuous,89688.6,90088.0,89472.6,89508.4,557974343.1638097
2025-12-22 17:59:59.798000+00:00,2025-12-22 17:00:00+00:00,continuous,89508.5,89545.2,89044.9,89271.0,545497740.0671923
2025-12-22 18:59:59.600000+00:00,2025-12-22 18:00:00+00:00,continuous,89271.0,89488.8,89102.0,89104.8,254922316.67189893
2025-12-22 19:59:59.972000+00:00,2025-12-22 19:00:00+00:00,continuous,89104.9,89109.7,87906.7,88011.1,970743959.280204
2025-12-22 20:59:59.995000+00:00,2025-12-22 20:00:00+00:00,continuous,88011.0,88445.9,87872.6,88305.9,716615258.0501115
2025-12-22 21:59:59.914000+00:00,2025-12-22 21:00:00+00:00,continuous,88305.3,88574.2,88186.6,88232.1,258690622.47139856
2025-12-22 22:59:59.940000+00:00,2025-12-22 22:00:00+00:00,continuous,88232.0,88805.9,88100.0,88616.1,342636509.9844009
2025-12-22 23:59:59.941000+00:00,2025-12-22 23:00:00+00:00,continuous,88616.0,88679.0,88388.0,88581.5,309947191.95059884
2025-12-23 00:59:59.268000+00:00,2025-12-23 00:00:00+00:00,continuous,88581.5,88904.9,88461.2,88731.5,319376718.9250022
2025-12-23 01:59:59.003000+00:00,2025-12-23 01:00:00+00:00,continuous,88731.6,88855.4,88379.0,88470.9,237164077.43969983
2025-12-23 02:59:59.692000+00:00,2025-12-23 02:00:00+00:00,continuous,88470.9,88722.0,88070.0,88167.8,407030093.25849724
2025-12-23 03:59:59.882000+00:00,2025-12-23 03:00:00+00:00,continuous,88167.7,88323.0,87738.3,88128.2,496772255.1751971
2025-12-23 04:59:59.808000+00:00,2025-12-23 04:00:00+00:00,continuous,88128.2,88342.0,87889.6,87892.0,230055550.71479967
2025-12-23 05:59:59.671000+00:00,2025-12-23 05:00:00+00:00,continuous,87892.1,87988.0,87547.7,87726.6,434835613.90070266
2025-12-23 06:59:59.991000+00:00,2025-12-23 06:00:00+00:00,continuous,87726.7,87745.0,86976.6,87355.2,996525467.4528039
2025-12-23 07:59:59.248000+00:00,2025-12-23 07:00:00+00:00,continuous,87355.4,87651.4,87318.7,87531.3,367556497.14099973
2025-12-23 08:59:59.948000+00:00,2025-12-23 08:00:00+00:00,continuous,87531.3,87662.6,87389.0,87426.8,254068158.69230136
2025-12-23 09:59:59.944000+00:00,2025-12-23 09:00:00+00:00,continuous,87426.7,87595.5,87256.3,87494.4,229663571.2913991
2025-12-23 10:59:59.095000+00:00,2025-12-23 10:00:00+00:00,continuous,87494.3,87630.0,87467.5,87570.3,175676902.7662989
2025-12-23 11:59:59.380000+00:00,2025-12-23 11:00:00+00:00,continuous,87570.3,87852.0,87520.1,87813.9,400333553.3569061
2025-12-23 12:59:59.984000+00:00,2025-12-23 12:00:00+00:00,continuous,87813.8,87914.0,87546.0,87737.3,361942691.7307995
2025-12-23 13:59:59.976000+00:00,2025-12-23 13:00:00+00:00,continuous,87737.3,87858.6,87345.8,87567.7,433634056.8242074
2025-12-23 14:59:59.935000+00:00,2025-12-23 14:00:00+00:00,continuous,87567.8,87792.9,86536.0,86837.3,1382547381.202606
2025-12-23 15:59:59.694000+00:00,2025-12-23 15:00:00+00:00,continuous,86837.2,87523.2,86670.2,87405.3,822968303.8385016
2025-12-23 16:59:59.889000+00:00,2025-12-23 16:00:00+00:00,continuous,87405.2,88178.7,87286.0,87959.8,1057089716.9697834
2025-12-23 17:59:59.896000+00:00,2025-12-23 17:00:00+00:00,continuous,87959.8,88247.8,87129.0,87138.1,674780049.9857888
2025-12-23 18:59:59.895000+00:00,2025-12-23 18:00:00+00:00,continuous,87138.1,88150.0,87121.4,87950.0,828269850.2312018
2025-12-23 19:59:59.031000+00:00,2025-12-23 19:00:00+00:00,continuous,87950.1,88017.3,87613.3,87724.2,293084014.0122013
2025-12-23 20:59:59.980000+00:00,2025-12-23 20:00:00+00:00,continuous,87724.2,88349.2,87491.4,87674.3,444507989.34519994
2025-12-23 21:59:59.690000+00:00,2025-12-23 21:00:00+00:00,continuous,87674.4,87830.6,87503.6,87692.7,235031929.56660175
2025-12-23 22:59:59.997000+00:00,2025-12-23 22:00:00+00:00,continuous,87692.7,87751.7,87213.0,87378.2,295684732.1196023
2025-12-23 23:59:59.930000+00:00,2025-12-23 23:00:00+00:00,continuous,87378.3,87488.5,87145.0,87463.0,336277062.0579997
2025-12-24 00:59:59.649000+00:00,2025-12-24 00:00:00+00:00,continuous,87463.1,87657.1,87230.8,87626.1,268263666.93199906
2025-12-24 01:59:59.425000+00:00,2025-12-24 01:00:00+00:00,continuous,87626.1,87849.9,87470.0,87603.1,220006226.8720986
2025-12-24 02:59:59.151000+00:00,2025-12-24 02:00:00+00:00,continuous,87603.1,87635.0,86888.0,87100.1,491801046.1935996
2025-12-24 03:59:59.980000+00:00,2025-12-24 03:00:00+00:00,continuous,87100.1,87359.4,86817.9,87311.4,359104995.97680223
2025-12-24 04:59:59.543000+00:00,2025-12-24 04:00:00+00:00,continuous,87311.4,87430.0,87041.6,87110.6,220386200.97849986
2025-12-24 05:59:59.931000+00:00,2025-12-24 05:00:00+00:00,continuous,87110.5,87223.1,86738.8,86920.1,359583282.3589031
2025-12-24 06:59:59.930000+00:00,2025-12-24 06:00:00+00:00,continuous,86920.1,87030.0,86753.0,86980.1,222795932.53060058
2025-12-24 07:59:59.947000+00:00,2025-12-24 07:00:00+00:00,continuous,86980.0,87147.1,86862.0,86868.1,180936978.72500026
2025-12-24 08:59:59.956000+00:00,2025-12-24 08:00:00+00:00,continuous,86868.2,87040.2,86712.0,86751.5,249983187.49080008
2025-12-24 09:59:59.629000+00:00,2025-12-24 09:00:00+00:00,continuous,86751.6,86865.2,86671.7,86763.6,169645100.16830063
2025-12-24 10:59:59.954000+00:00,2025-12-24 10:00:00+00:00,continuous,86763.6,87160.0,86759.5,87042.8,275772284.2381
2025-12-24 11:59:59.518000+00:00,2025-12-24 11:00:00+00:00,continuous,87042.8,87316.7,87042.8,87162.6,220997104.6730978
2025-12-24 12:59:58.281000+00:00,2025-12-24 12:00:00+00:00,continuous,87162.6,87450.0,87087.0,87393.1,219550527.92239895
2025-12-24 13:59:59.354000+00:00,2025-12-24 13:00:00+00:00,continuous,87393.0,87410.4,87009.3,87250.5,241695973.83760065
2025-12-24 14:59:59.981000+00:00,2025-12-24 14:00:00+00:00,continuous,87250.5,87420.0,86355.0,86950.0,1010978909.0835987
2025-12-24 15:59:59.584000+00:00,2025-12-24 15:00:00+00:00,continuous,86950.0,87194.8,86526.2,87012.0,553480866.921093
2025-12-24 16:59:59.905000+00:00,2025-12-24 16:00:00+00:00,continuous,87012.0,87660.0,86878.3,87250.6,582624156.4615147
2025-12-24 17:59:59.539000+00:00,2025-12-24 17:00:00+00:00,continuous,87250.6,87545.6,87215.0,87284.5,242738927.23740202
2025-12-24 18:59:59.701000+00:00,2025-12-24 18:00:00+00:00,continuous,87284.6,87478.7,87195.6,87435.0,182222386.84100303
2025-12-24 19:59:59.002000+00:00,2025-12-24 19:00:00+00:00,continuous,87435.0,87542.0,87273.4,87521.4,156423892.34670055
2025-12-24 20:59:59.669000+00:00,2025-12-24 20:00:00+00:00,continuous,87521.4,87649.3,87484.6,87518.8,120663954.92460084
2025-12-24 21:59:59.131000+00:00,2025-12-24 21:00:00+00:00,continuous,87518.7,87763.2,87518.7,87653.8,129524288.1440007
2025-12-24 22:59:59.523000+00:00,2025-12-24 22:00:00+00:00,continuous,87653.9,88033.3,87653.8,87962.0,199632624.83670017
2025-12-24 23:59:59.499000+00:00,2025-12-24 23:00:00+00:00,continuous,87962.0,87985.0,87540.4,87627.3,228740723.84350187
2025-12-25 00:59:59.133000+00:00,2025-12-25 00:00:00+00:00,continuous,87627.4,87710.0,87466.9,87529.9,174807487.51440057
2025-12-25 01:59:59.288000+00:00,2025-12-25 01:00:00+00:00,continuous,87529.9,87714.1,87526.5,87668.0,104405984.68290028
2025-12-25 02:59:59.701000+00:00,2025-12-25 02:00:00+00:00,continuous,87668.0,87933.5,87517.8,87847.8,127171440.11209951
2025-12-25 03:59:59.919000+00:00,2025-12-25 03:00:00+00:00,continuous,87847.9,87890.0,87727.0,87811.6,87542478.1533003
2025-12-25 04:59:59.083000+00:00,2025-12-25 04:00:00+00:00,continuous,87811.6,87811.6,87689.8,87740.6,97344336.80789967
2025-12-25 05:59:59.718000+00:00,2025-12-25 05:00:00+00:00,continuous,87740.5,87749.4,87617.1,87706.0,98844116.51250038
2025-12-25 06:59:59.791000+00:00,2025-12-25 06:00:00+00:00,continuous,87706.1,87811.6,87634.5,87799.5,74407891.42940009
2025-12-25 07:59:59.952000+00:00,2025-12-25 07:00:00+00:00,continuous,87799.6,87830.0,87713.1,87795.9,69291886.28010046
2025-12-25 08:59:59.769000+00:00,2025-12-25 08:00:00+00:00,continuous,87795.9,87858.8,87313.2,87546.2,334182852.64590037
2025-12-25 09:59:59.080000+00:00,2025-12-25 09:00:00+00:00,continuous,87546.2,87565.8,87408.0,87482.1,107393598.20059976
2025-12-25 10:59:59.291000+00:00,2025-12-25 10:00:00+00:00,continuous,87482.1,87494.7,87219.0,87386.0,179543942.62720165
2025-12-25 11:59:59.947000+00:00,2025-12-25 11:00:00+00:00,continuous,87386.1,87554.7,87376.0,87485.2,105237658.06410174
2025-12-25 12:59:59.833000+00:00,2025-12-25 12:00:00+00:00,continuous,87485.2,87555.1,87439.0,87533.7,81917908.46170071
2025-12-25 13:59:59.890000+00:00,2025-12-25 13:00:00+00:00,continuous,87533.8,87662.8,87360.7,87597.1,163758994.81120196
2025-12-25 14:59:59.880000+00:00,2025-12-25 14:00:00+00:00,continuous,87597.1,87730.9,87509.0,87675.1,142953924.6801991
2025-12-25 15:59:59.912000+00:00,2025-12-25 15:00:00+00:00,continuous,87675.0,88594.0,87664.1,88338.9,963214528.6536961
2025-12-25 16:59:59.613000+00:00,2025-12-25 16:00:00+00:00,continuous,88339.0,88451.6,87948.9,88042.0,439626888.1539013
2025-12-25 17:59:59.519000+00:00,2025-12-25 17:00:00+00:00,continuous,88042.1,88173.1,87947.8,88096.2,177474738.421796
2025-12-25 18:59:59.549000+00:00,2025-12-25 18:00:00+00:00,continuous,88096.1,88281.6,88096.1,88198.5,124688127.48210184
2025-12-25 19:59:59.002000+00:00,2025-12-25 19:00:00+00:00,continuous,88198.5,88214.3,88029.9,88112.3,93290180.23329991
2025-12-25 20:59:58.978000+00:00,2025-12-25 20:00:00+00:00,continuous,88112.3,88139.2,87599.5,87844.7,272128980.8598047
2025-12-25 21:59:59.301000+00:00,2025-12-25 21:00:00+00:00,continuous,87844.8,87945.5,87776.5,87862.0,107420972.98810008
2025-12-25 22:59:59.700000+00:00,2025-12-25 22:00:00+00:00,continuous,87862.0,87882.1,87251.2,87607.9,307197532.942302
2025-12-25 23:59:59.875000+00:00,2025-12-25 23:00:00+00:00,continuous,87607.9,87734.5,86902.1,87182.8,638754098.2447989
2025-12-26 00:59:59.669000+00:00,2025-12-26 00:00:00+00:00,continuous,87182.8,87289.8,86824.8,87084.5,444405192.15250117
2025-12-26 01:59:59.369000+00:00,2025-12-26 01:00:00+00:00,continuous,87084.4,87477.0,87084.4,87386.6,258189721.25869972
2025-12-26 02:59:59.930000+00:00,2025-12-26 02:00:00+00:00,continuous,87386.7,89432.0,87376.5,89151.8,2012249606.2430599
2025-12-26 03:59:59.912000+00:00,2025-12-26 03:00:00+00:00,continuous,89151.8,89246.6,88670.0,88796.2,657564835.3193016
2025-12-26 04:59:59.892000+00:00,2025-12-26 04:00:00+00:00,continuous,88796.2,89100.0,88469.8,88926.0,491743656.500699
2025-12-26 05:59:59.874000+00:00,2025-12-26 05:00:00+00:00,continuous,88926.0,89007.0,88780.0,88954.7,204768778.16220084
2025-12-26 06:59:59.877000+00:00,2025-12-26 06:00:00+00:00,continuous,88954.7,89200.0,88954.6,89085.0,286200959.1038974
2025-12-26 07:59:59.979000+00:00,2025-12-26 07:00:00+00:00,continuous,89085.0,89557.6,88300.5,88433.0,967831731.2167037
2025-12-26 08:59:59.967000+00:00,2025-12-26 08:00:00+00:00,continuous,88433.0,88865.7,88380.0,88707.4,519156514.4965943
2025-12-26 09:59:59.920000+00:00,2025-12-26 09:00:00+00:00,continuous,88707.4,88888.0,88607.0,88783.2,192593347.33769947
2025-12-26 10:59:59.814000+00:00,2025-12-26 10:00:00+00:00,continuous,88782.9,88855.2,88642.9,88717.5,156457959.46169955
2025-12-26 11:59:59.864000+00:00,2025-12-26 11:00:00+00:00,continuous,88717.4,88722.7,88500.0,88507.5,144288669.60009938
2025-12-26 12:59:59.640000+00:00,2025-12-26 12:00:00+00:00,continuous,88507.6,88736.0,88507.5,88649.6,161337251.54269993
2025-12-26 13:59:59.912000+00:00,2025-12-26 13:00:00+00:00,continuous,88649.7,89037.0,88580.9,88959.1,379443418.3859989
2025-12-26 14:59:59.993000+00:00,2025-12-26 14:00:00+00:00,continuous,88959.2,89017.2,87302.5,87344.4,1907070604.2381032
2025-12-26 15:59:59.405000+00:00,2025-12-26 15:00:00+00:00,continuous,87344.5,87347.0,86619.9,87100.0,2059449104.6976395
2025-12-26 16:59:59.794000+00:00,2025-12-26 16:00:00+00:00,continuous,87100.0,87349.1,86800.7,86821.7,672167421.4264141
2025-12-26 17:59:59.986000+00:00,2025-12-26 17:00:00+00:00,continuous,86821.7,87437.2,86760.4,87288.6,576119507.2935029
2025-12-26 18:59:59.523000+00:00,2025-12-26 18:00:00+00:00,continuous,87288.5,87346.1,87090.0,87232.5,220519858.9878978
2025-12-26 19:59:59.985000+00:00,2025-12-26 19:00:00+00:00,continuous,87232.5,87555.0,87200.0,87453.7,204140192.91190237
2025-12-26 20:59:59.423000+00:00,2025-12-26 20:00:00+00:00,continuous,87453.7,87750.0,87346.5,87547.7,293303491.7171022
2025-12-26 21:59:59.533000+00:00,2025-12-26 21:00:00+00:00,continuous,87547.7,87657.9,87402.6,87429.3,133276747.19420078
2025-12-26 22:59:59.859000+00:00,2025-12-26 22:00:00+00:00,continuous,87429.2,87551.9,87266.6,87505.4,141531370.35280105
2025-12-26 23:59:59.720000+00:00,2025-12-26 23:00:00+00:00,continuous,87505.4,87508.2,87286.9,87318.2,120922370.4966005
2025-12-27 00:59:59.847000+00:00,2025-12-27 00:00:00+00:00,continuous,87318.3,87377.5,87203.0,87360.0,121556235.54249875
2025-12-27 01:59:59.690000+00:00,2025-12-27 01:00:00+00:00,continuous,87359.9,87452.7,87285.6,87431.6,76292485.33729976
2025-12-27 02:59:59.555000+00:00,2025-12-27 02:00:00+00:00,continuous,87431.6,87459.2,87341.1,87410.7,100788947.56489971
2025-12-27 03:59:57.446000+00:00,2025-12-27 03:00:00+00:00,continuous,87410.6,87493.4,87338.7,87473.4,100157817.75169979
2025-12-27 04:59:59.638000+00:00,2025-12-27 04:00:00+00:00,continuous,87473.4,87482.0,87413.1,87428.0,44759864.54919981
2025-12-27 05:59:58.751000+00:00,2025-12-27 05:00:00+00:00,continuous,87427.9,87474.0,87400.0,87466.2,49803111.50579941
2025-12-27 06:59:59.189000+00:00,2025-12-27 06:00:00+00:00,continuous,87466.1,87526.5,87374.5,87426.8,79527130.35959993
2025-12-27 07:59:59.002000+00:00,2025-12-27 07:00:00+00:00,continuous,87426.8,87669.7,87426.8,87490.9,134338296.49519968
2025-12-27 08:59:59.110000+00:00,2025-12-27 08:00:00+00:00,continuous,87490.9,87634.9,87490.9,87545.6,96087943.50229916
2025-12-27 09:59:59.002000+00:00,2025-12-27 09:00:00+00:00,continuous,87545.7,87622.7,87500.0,87575.4,97461912.9584002
2025-12-27 10:59:59.995000+00:00,2025-12-27 10:00:00+00:00,continuous,87575.4,87585.0,87324.6,87460.6,178158521.484501
2025-12-27 11:59:59.835000+00:00,2025-12-27 11:00:00+00:00,continuous,87460.5,87513.1,87400.0,87433.6,80354220.09110023
2025-12-27 12:59:59.002000+00:00,2025-12-27 12:00:00+00:00,continuous,87433.6,87489.9,87377.9,87431.9,70815175.83700033
2025-12-27 13:59:59.431000+00:00,2025-12-27 13:00:00+00:00,continuous,87432.0,87444.4,87264.8,87410.7,127549542.61079997
2025-12-27 14:59:59.417000+00:00,2025-12-27 14:00:00+00:00,continuous,87410.6,87517.8,87354.4,87500.7,108843374.9553998
2025-12-27 15:59:59.939000+00:00,2025-12-27 15:00:00+00:00,continuous,87500.7,87555.0,87420.5,87516.2,87546881.90529892
2025-12-27 16:59:59.659000+00:00,2025-12-27 16:00:00+00:00,continuous,87516.3,87545.6,87397.5,87454.1,81871419.68849985
2025-12-27 17:59:59.897000+00:00,2025-12-27 17:00:00+00:00,continuous,87454.2,87523.6,87420.0,87514.0,42529469.07309905
2025-12-27 18:59:59.133000+00:00,2025-12-27 18:00:00+00:00,continuous,87514.0,87534.6,87414.5,87452.8,46681573.1937999
2025-12-27 19:59:59.002000+00:00,2025-12-27 19:00:00+00:00,continuous,87452.8,87538.6,87452.8,87522.4,42610047.500400245
2025-12-27 20:59:59.002000+00:00,2025-12-27 20:00:00+00:00,continuous,87522.3,87592.4,87479.9,87514.9,41867575.350500405
2025-12-27 21:59:59.002000+00:00,2025-12-27 21:00:00+00:00,continuous,87514.9,87633.0,87512.7,87623.5,65222678.24829996
2025-12-27 22:59:59.715000+00:00,2025-12-27 22:00:00+00:00,continuous,87623.5,87937.0,87455.5,87526.3,316726144.753802
2025-12-27 23:59:59.826000+00:00,2025-12-27 23:00:00+00:00,continuous,87526.4,87956.9,87518.3,87829.4,197124924.42059827
2025-12-28 00:59:59.080000+00:00,2025-12-28 00:00:00+00:00,continuous,87829.5,87921.7,87674.4,87811.7,212317487.67520037
2025-12-28 01:59:59.276000+00:00,2025-12-28 01:00:00+00:00,continuous,87811.8,87909.9,87700.0,87749.3,102379767.1576995
2025-12-28 02:59:57.263000+00:00,2025-12-28 02:00:00+00:00,continuous,87749.2,87847.3,87712.8,87768.7,49916398.33739996
2025-12-28 03:59:59.860000+00:00,2025-12-28 03:00:00+00:00,continuous,87768.6,87808.2,87693.0,87693.0,58390366.3028003
2025-12-28 04:59:59.833000+00:00,2025-12-28 04:00:00+00:00,continuous,87693.1,87802.5,87651.0,87683.9,89290906.23540013
2025-12-28 05:59:59.060000+00:00,2025-12-28 05:00:00+00:00,continuous,87683.8,87683.9,87566.0,87620.0,83745587.36859953
2025-12-28 06:59:58.698000+00:00,2025-12-28 06:00:00+00:00,continuous,87619.9,87753.7,87606.0,87696.0,75714049.1398001
2025-12-28 07:59:59.996000+00:00,2025-12-28 07:00:00+00:00,continuous,87695.9,87699.9,87632.9,87697.7,66524939.555599995
2025-12-28 08:59:59.515000+00:00,2025-12-28 08:00:00+00:00,continuous,87697.7,87948.0,87697.7,87771.0,137929393.81139958
2025-12-28 09:59:59.821000+00:00,2025-12-28 09:00:00+00:00,continuous,87771.1,87868.0,87676.4,87768.2,111676294.5448001
2025-12-28 10:59:59.798000+00:00,2025-12-28 10:00:00+00:00,continuous,87768.2,87980.9,87768.1,87828.7,179531853.67629898
2025-12-28 11:59:59.226000+00:00,2025-12-28 11:00:00+00:00,continuous,87828.7,87896.7,87774.4,87850.8,87555913.07310016
2025-12-28 12:59:59.002000+00:00,2025-12-28 12:00:00+00:00,continuous,87850.9,87864.2,87762.2,87820.4,97148523.03299952
2025-12-28 13:59:59.482000+00:00,2025-12-28 13:00:00+00:00,continuous,87820.5,87931.8,87774.6,87862.5,139204280.70080024
2025-12-28 14:59:59.945000+00:00,2025-12-28 14:00:00+00:00,continuous,87862.6,88078.3,87862.6,87873.3,184319243.408201
2025-12-28 15:59:59.954000+00:00,2025-12-28 15:00:00+00:00,continuous,87873.3,87967.3,87780.0,87797.7,139113840.25990126
2025-12-28 16:59:59.394000+00:00,2025-12-28 16:00:00+00:00,continuous,87797.6,87876.9,87702.7,87780.0,139818485.5569999
2025-12-28 17:59:59.335000+00:00,2025-12-28 17:00:00+00:00,continuous,87780.0,87902.7,87723.4,87730.1,80925947.33620028
2025-12-28 18:59:59.715000+00:00,2025-12-28 18:00:00+00:00,continuous,87730.1,87750.7,87448.4,87570.1,424080882.8768033
2025-12-28 19:59:59.988000+00:00,2025-12-28 19:00:00+00:00,continuous,87570.0,87672.1,87477.8,87488.6,164168848.84670144
2025-12-28 20:59:59.660000+00:00,2025-12-28 20:00:00+00:00,continuous,87488.7,87630.9,87411.0,87478.2,127322349.96150047
2025-12-28 21:59:59.921000+00:00,2025-12-28 21:00:00+00:00,continuous,87478.2,87569.2,87402.6,87556.1,90006505.58259979
2025-12-28 22:59:59.776000+00:00,2025-12-28 22:00:00+00:00,continuous,87556.1,87968.4,87440.8,87868.7,162563957.60670018
2025-12-28 23:59:59.853000+00:00,2025-12-28 23:00:00+00:00,continuous,87868.7,88023.4,87603.3,87920.5,274559681.909499
2025-12-29 00:59:59.718000+00:00,2025-12-29 00:00:00+00:00,continuous,87920.4,88414.0,87778.5,88262.2,692313874.4157072
2025-12-29 01:59:59.817000+00:00,2025-12-29 01:00:00+00:00,continuous,88262.2,88470.5,87828.8,88419.3,544815773.7684005
2025-12-29 02:59:59.874000+00:00,2025-12-29 02:00:00+00:00,continuous,88419.3,89368.6,88419.2,89129.1,1593874736.6810322
2025-12-29 03:59:59.846000+00:00,2025-12-29 03:00:00+00:00,continuous,89129.1,90156.5,89049.2,90091.6,1190796303.9728115
2025-12-29 04:59:59.926000+00:00,2025-12-29 04:00:00+00:00,continuous,90091.5,90373.4,89899.9,90100.1,860864902.9663007
2025-12-29 05:59:59.580000+00:00,2025-12-29 05:00:00+00:00,continuous,90100.1,90259.1,89869.1,89950.8,559786065.8735968
2025-12-29 06:59:59.877000+00:00,2025-12-29 06:00:00+00:00,continuous,89950.8,90097.6,89715.8,89740.7,374942888.22849876
2025-12-29 07:59:59.893000+00:00,2025-12-29 07:00:00+00:00,continuous,89740.7,89819.4,89448.1,89583.0,494975009.66720074
2025-12-29 08:59:59.709000+00:00,2025-12-29 08:00:00+00:00,continuous,89583.0,89791.5,89423.0,89519.0,472850617.9065031
2025-12-29 09:59:59.968000+00:00,2025-12-29 09:00:00+00:00,continuous,89519.0,89581.0,87715.6,88068.2,2165493766.592331
2025-12-29 10:59:59.939000+00:00,2025-12-29 10:00:00+00:00,continuous,88068.3,88241.1,87599.3,87747.1,864885655.5863972
2025-12-29 11:59:59.936000+00:00,2025-12-29 11:00:00+00:00,continuous,87747.2,87756.6,87520.1,87529.0,499869472.5673031
2025-12-29 12:59:59.766000+00:00,2025-12-29 12:00:00+00:00,continuous,87529.1,87605.5,86760.0,87344.0,1660322862.8487844
2025-12-29 13:59:59.948000+00:00,2025-12-29 13:00:00+00:00,continuous,87343.9,87499.9,87124.9,87354.3,576560185.7904
2025-12-29 14:59:59.926000+00:00,2025-12-29 14:00:00+00:00,continuous,87354.3,88150.0,87216.1,87399.9,1356585623.521574
2025-12-29 15:59:59.924000+00:00,2025-12-29 15:00:00+00:00,continuous,87400.0,87878.9,87170.5,87636.6,752802334.5558963
2025-12-29 16:59:59.983000+00:00,2025-12-29 16:00:00+00:00,continuous,87636.4,87800.0,87400.0,87587.0,359603035.73770016
2025-12-29 17:59:59.849000+00:00,2025-12-29 17:00:00+00:00,continuous,87587.1,87819.9,87300.0,87814.1,328964500.3272004
2025-12-29 18:59:59.931000+00:00,2025-12-29 18:00:00+00:00,continuous,87814.1,87968.1,87324.7,87426.9,396688523.2840004
2025-12-29 19:59:59.855000+00:00,2025-12-29 19:00:00+00:00,continuous,87426.8,87631.9,87259.6,87328.9,249665546.13620132
2025-12-29 20:59:59.749000+00:00,2025-12-29 20:00:00+00:00,continuous,87328.9,87569.2,87052.2,87182.9,415169680.95469606
2025-12-29 21:59:59.738000+00:00,2025-12-29 21:00:00+00:00,continuous,87183.0,87354.0,87150.2,87311.2,107905346.96449892
2025-12-29 22:59:59.993000+00:00,2025-12-29 22:00:00+00:00,continuous,87311.2,87380.4,87043.4,87317.0,150917442.4549991
2025-12-29 23:59:59.988000+00:00,2025-12-29 23:00:00+00:00,continuous,87317.1,87374.3,87144.0,87203.3,117096880.99240083
2025-12-30 00:59:58.098000+00:00,2025-12-30 00:00:00+00:00,continuous,87203.2,87329.7,87075.0,87223.2,168383896.2173996
2025-12-30 01:59:58.890000+00:00,2025-12-30 01:00:00+00:00,continuous,87223.2,87326.8,87074.5,87283.0,141446246.49099946
2025-12-30 02:59:59.604000+00:00,2025-12-30 02:00:00+00:00,continuous,87283.0,87314.6,86934.5,87072.8,389800358.01859385
2025-12-30 03:59:59.555000+00:00,2025-12-30 03:00:00+00:00,continuous,87072.8,87393.1,86789.0,87334.7,471091138.4505038
2025-12-30 04:59:59.843000+00:00,2025-12-30 04:00:00+00:00,continuous,87334.7,87454.4,87250.0,87262.0,201769278.76450148
2025-12-30 05:59:59.710000+00:00,2025-12-30 05:00:00+00:00,continuous,87262.1,87323.1,87105.6,87216.2,122560783.00699992
2025-12-30 06:59:59.411000+00:00,2025-12-30 06:00:00+00:00,continuous,87216.1,87487.7,87198.4,87404.3,192433492.33240014
2025-12-30 07:59:59.344000+00:00,2025-12-30 07:00:00+00:00,continuous,87404.3,87581.4,87322.6,87457.5,197108037.07879865
2025-12-30 08:59:59.962000+00:00,2025-12-30 08:00:00+00:00,continuous,87457.5,88190.6,87455.5,87827.1,1022410996.0844944
2025-12-30 09:59:59.949000+00:00,2025-12-30 09:00:00+00:00,continuous,87827.0,88000.0,87609.0,87954.7,343274243.57879525
2025-12-30 10:59:59.926000+00:00,2025-12-30 10:00:00+00:00,continuous,87954.7,88150.1,87863.6,87914.3,425291967.6583021
2025-12-30 11:59:59.844000+00:00,2025-12-30 11:00:00+00:00,continuous,87914.3,87997.0,87722.5,87875.2,259251725.63460085
2025-12-30 12:59:59.619000+00:00,2025-12-30 12:00:00+00:00,continuous,87875.3,88055.6,87870.0,87993.4,221439599.2019017
2025-12-30 13:59:59.985000+00:00,2025-12-30 13:00:00+00:00,continuous,87993.3,88111.7,87874.8,88069.8,273878011.41709673
2025-12-30 14:59:59.976000+00:00,2025-12-30 14:00:00+00:00,continuous,88069.9,88976.3,87788.2,88831.4,1453805305.6816087
2025-12-30 15:59:59.980000+00:00,2025-12-30 15:00:00+00:00,continuous,88831.5,89126.0,88150.0,88966.8,1491920962.622225
2025-12-30 16:59:59.782000+00:00,2025-12-30 16:00:00+00:00,continuous,88966.9,89355.0,88517.6,88698.9,1351439088.3806098
2025-12-30 17:59:59.978000+00:00,2025-12-30 17:00:00+00:00,continuous,88698.8,88858.9,88070.5,88330.2,821940798.0234048
2025-12-30 18:59:59.521000+00:00,2025-12-30 18:00:00+00:00,continuous,88330.2,88456.5,88088.0,88259.6,278396870.6605996
2025-12-30 19:59:59.752000+00:00,2025-12-30 19:00:00+00:00,continuous,88259.7,88395.9,87910.4,88189.7,427831832.955903
2025-12-30 20:59:59.969000+00:00,2025-12-30 20:00:00+00:00,continuous,88189.8,88189.8,87833.2,87900.3,315284203.2269987
2025-12-30 21:59:59.651000+00:00,2025-12-30 21:00:00+00:00,continuous,87900.2,88298.1,87846.2,88245.5,208613435.72719973
2025-12-30 22:59:59.938000+00:00,2025-12-30 22:00:00+00:00,continuous,88245.5,88434.8,88240.1,88387.7,167669323.67759946
2025-12-30 23:59:59.662000+00:00,2025-12-30 23:00:00+00:00,continuous,88387.8,88533.0,88320.0,88455.3,225238620.65930012
2025-12-31 00:59:59.922000+00:00,2025-12-31 00:00:00+00:00,continuous,88455.2,88455.3,88209.9,88226.3,210406086.10760036
2025-12-31 01:59:59.985000+00:00,2025-12-31 01:00:00+00:00,continuous,88226.2,88758.2,88134.9,88604.7,387816925.4637968
2025-12-31 02:59:58.984000+00:00,2025-12-31 02:00:00+00:00,continuous,88604.7,88715.5,88475.2,88639.3,180750476.5428987
2025-12-31 03:59:59.562000+00:00,2025-12-31 03:00:00+00:00,continuous,88639.4,88780.0,88335.0,88411.5,254669259.39839846
2025-12-31 04:59:58.742000+00:00,2025-12-31 04:00:00+00:00,continuous,88411.6,88509.9,88280.1,88287.3,179484066.21780005
2025-12-31 05:59:57.762000+00:00,2025-12-31 05:00:00+00:00,continuous,88287.2,88488.0,88287.2,88415.6,127028462.82300013
2025-12-31 06:59:59.085000+00:00,2025-12-31 06:00:00+00:00,continuous,88415.7,88521.8,88415.7,88470.9,105962100.21810097
2025-12-31 07:59:59.860000+00:00,2025-12-31 07:00:00+00:00,continuous,88471.0,88596.0,88385.0,88569.0,143325482.6243004
2025-12-31 08:59:59.756000+00:00,2025-12-31 08:00:00+00:00,continuous,88568.9,88690.0,88339.9,88391.2,242282130.42630136
2025-12-31 09:59:59.941000+00:00,2025-12-31 09:00:00+00:00,continuous,88391.3,88679.3,88389.0,88619.5,173033179.55280015
2025-12-31 10:59:59.939000+00:00,2025-12-31 10:00:00+00:00,continuous,88619.5,88850.0,88615.1,88804.6,313697937.1934002
2025-12-31 11:59:59.685000+00:00,2025-12-31 11:00:00+00:00,continuous,88804.6,89000.0,88759.4,88967.6,374614835.08410054
2025-12-31 12:59:59.917000+00:00,2025-12-31 12:00:00+00:00,continuous,88967.6,88997.6,88702.5,88737.0,338423324.2017003
2025-12-31 13:59:59.820000+00:00,2025-12-31 13:00:00+00:00,continuous,88737.0,89025.1,88700.0,88954.4,295639517.67359984
2025-12-31 14:59:59.958000+00:00,2025-12-31 14:00:00+00:00,continuous,88954.3,89192.8,88233.5,88443.4,983909756.2044965
2025-12-31 15:59:59.961000+00:00,2025-12-31 15:00:00+00:00,continuous,88443.3,88450.0,87729.2,87909.0,1171172174.1327014
2025-12-31 16:59:59.332000+00:00,2025-12-31 16:00:00+00:00,continuous,87909.1,88024.3,87350.5,87625.9,1058986010.6541989
2025-12-31 17:59:58.864000+00:00,2025-12-31 17:00:00+00:00,continuous,87625.9,87716.0,87454.0,87587.2,372701630.0459025
2025-12-31 18:59:59.908000+00:00,2025-12-31 18:00:00+00:00,continuous,87587.2,87952.0,87535.0,87655.8,448555068.96690005
2025-12-31 19:59:59.952000+00:00,2025-12-31 19:00:00+00:00,continuous,87655.9,87846.0,87454.0,87515.0,228970530.15779966
2025-12-31 20:59:59.835000+00:00,2025-12-31 20:00:00+00:00,continuous,87515.0,87683.6,87189.2,87629.0,544514850.6376027
2025-12-31 21:59:59.069000+00:00,2025-12-31 21:00:00+00:00,continuous,87629.0,87841.9,87629.0,87764.0,186354196.17700002
2025-12-31 22:59:59.989000+00:00,2025-12-31 22:00:00+00:00,continuous,87764.0,87849.7,87613.4,87695.7,128558302.69329959
